Time_sec,CycleNo,PT01_MPa,T01[Treac]_℃,Date&Time,T03[Troom]_℃
12738.0,2,2.8592,379.8,7/21/2024_11:20:39 PM,23.8
12740.0,2,2.8694,379.8,7/21/2024_11:20:41 PM,23.8
12742.0,2,2.8721,379.8,7/21/2024_11:20:43 PM,23.8
12744.0,2,2.87,379.9,7/21/2024_11:20:45 PM,23.8
12746.0,2,2.8664,380.1,7/21/2024_11:20:47 PM,23.8
12748.0,2,2.8619,380.3,7/21/2024_11:20:49 PM,23.8
12750.0,2,2.8578,381.3,7/21/2024_11:20:51 PM,23.8
12752.0,2,2.8539,381.5,7/21/2024_11:20:53 PM,23.8
12754.0,2,2.8501,382.6,7/21/2024_11:20:55 PM,23.8
12756.0,2,2.846,382.6,7/21/2024_11:20:57 PM,23.8
12758.0,2,2.8425,382.7,7/21/2024_11:20:59 PM,23.8
12760.0,2,2.8391,384.0,7/21/2024_11:21:01 PM,23.8
12762.0,2,2.8359,384.0,7/21/2024_11:21:03 PM,23.8
12764.0,2,2.8327,384.1,7/21/2024_11:21:05 PM,23.8
12766.0,2,2.8293,384.3,7/21/2024_11:21:07 PM,23.8
12768.0,2,2.8263,384.5,7/21/2024_11:21:09 PM,23.8
12770.0,2,2.8235,385.5,7/21/2024_11:21:11 PM,23.8
12772.0,2,2.8207,385.6,7/21/2024_11:21:13 PM,23.8
12774.0,2,2.818,385.7,7/21/2024_11:21:15 PM,23.8
12776.0,2,2.8154,385.8,7/21/2024_11:21:17 PM,23.8
12778.0,2,2.8125,386.1,7/21/2024_11:21:19 PM,23.8
12780.0,2,2.81,386.3,7/21/2024_11:21:21 PM,23.8
12782.0,2,2.8075,386.5,7/21/2024_11:21:23 PM,23.8
12784.0,2,2.8052,386.7,7/21/2024_11:21:25 PM,23.8
12786.0,2,2.8029,386.9,7/21/2024_11:21:27 PM,23.8
12788.0,2,2.8003,387.1,7/21/2024_11:21:29 PM,23.8
12790.0,2,2.7981,387.3,7/21/2024_11:21:31 PM,23.8
12792.0,2,2.796,387.5,7/21/2024_11:21:33 PM,23.8
12794.0,2,2.7939,387.6,7/21/2024_11:21:35 PM,23.8
12796.0,2,2.7918,387.8,7/21/2024_11:21:37 PM,23.8
12798.0,2,2.7898,388.0,7/21/2024_11:21:39 PM,23.8
12800.0,2,2.7878,388.2,7/21/2024_11:21:41 PM,23.8
12802.0,2,2.7858,388.3,7/21/2024_11:21:43 PM,23.8
12804.0,2,2.7839,388.5,7/21/2024_11:21:45 PM,23.8
12806.0,2,2.7818,388.6,7/21/2024_11:21:47 PM,23.8
12808.0,2,2.7799,388.7,7/21/2024_11:21:49 PM,23.8
12810.0,2,2.7781,388.9,7/21/2024_11:21:51 PM,23.8
12812.0,2,2.7763,389.0,7/21/2024_11:21:53 PM,23.8
12814.0,2,2.7746,389.1,7/21/2024_11:21:55 PM,23.8
12816.0,2,2.7729,389.2,7/21/2024_11:21:57 PM,23.8
12818.0,2,2.7712,389.3,7/21/2024_11:21:59 PM,23.8
12820.0,2,2.7695,389.4,7/21/2024_11:22:01 PM,23.8
12822.0,2,2.7679,389.4,7/21/2024_11:22:03 PM,23.8
12824.0,2,2.7663,389.5,7/21/2024_11:22:05 PM,23.8
12826.0,2,2.7647,389.6,7/21/2024_11:22:07 PM,23.8
12828.0,2,2.7632,389.7,7/21/2024_11:22:09 PM,23.8
12830.0,2,2.7615,389.7,7/21/2024_11:22:11 PM,23.8
12832.0,2,2.76,389.8,7/21/2024_11:22:13 PM,23.8
12834.0,2,2.7586,389.8,7/21/2024_11:22:15 PM,23.8
12836.0,2,2.7571,389.9,7/21/2024_11:22:17 PM,23.8
12838.0,2,2.7557,389.9,7/21/2024_11:22:19 PM,23.8
12840.0,2,2.7541,389.9,7/21/2024_11:22:21 PM,23.8
12842.0,2,2.7527,389.9,7/21/2024_11:22:23 PM,23.8
12844.0,2,2.7514,390.0,7/21/2024_11:22:25 PM,23.8
12846.0,2,2.75,390.0,7/21/2024_11:22:27 PM,23.8
12848.0,2,2.7487,390.0,7/21/2024_11:22:29 PM,23.8
12850.0,2,2.7473,390.1,7/21/2024_11:22:31 PM,23.8
12852.0,2,2.746,390.1,7/21/2024_11:22:33 PM,23.8
12854.0,2,2.7447,390.1,7/21/2024_11:22:35 PM,23.8
12856.0,2,2.7435,390.1,7/21/2024_11:22:37 PM,23.8
12858.0,2,2.7422,390.1,7/21/2024_11:22:39 PM,23.8
12860.0,2,2.7409,390.1,7/21/2024_11:22:41 PM,23.8
12862.0,2,2.7397,390.1,7/21/2024_11:22:43 PM,23.8
12864.0,2,2.7384,390.1,7/21/2024_11:22:45 PM,23.8
12866.0,2,2.7373,390.1,7/21/2024_11:22:47 PM,23.8
12868.0,2,2.7361,390.1,7/21/2024_11:22:49 PM,23.8
12870.0,2,2.7348,390.1,7/21/2024_11:22:51 PM,23.8
12872.0,2,2.7336,390.1,7/21/2024_11:22:53 PM,23.8
12874.0,2,2.7325,390.1,7/21/2024_11:22:55 PM,23.8
12876.0,2,2.7313,390.1,7/21/2024_11:22:57 PM,23.8
12878.0,2,2.7302,390.1,7/21/2024_11:22:59 PM,23.8
12880.0,2,2.7291,390.1,7/21/2024_11:23:01 PM,23.8
12882.0,2,2.728,390.1,7/21/2024_11:23:03 PM,23.8
12884.0,2,2.7269,390.1,7/21/2024_11:23:05 PM,23.8
12886.0,2,2.7259,390.1,7/21/2024_11:23:07 PM,23.8
12888.0,2,2.7248,390.0,7/21/2024_11:23:09 PM,23.8
12890.0,2,2.7237,390.0,7/21/2024_11:23:11 PM,23.8
12892.0,2,2.7225,390.0,7/21/2024_11:23:13 PM,23.8
12894.0,2,2.7215,390.0,7/21/2024_11:23:15 PM,23.8
12896.0,2,2.7205,390.0,7/21/2024_11:23:17 PM,23.8
12898.0,2,2.7195,390.0,7/21/2024_11:23:19 PM,23.8
12900.0,2,2.7185,389.9,7/21/2024_11:23:21 PM,23.8
12902.0,2,2.7175,389.9,7/21/2024_11:23:23 PM,23.8
12904.0,2,2.7165,389.9,7/21/2024_11:23:25 PM,23.8
12906.0,2,2.7155,389.9,7/21/2024_11:23:27 PM,23.8
12908.0,2,2.7145,389.8,7/21/2024_11:23:29 PM,23.8
12910.0,2,2.7136,389.8,7/21/2024_11:23:31 PM,23.8
12912.0,2,2.7126,389.8,7/21/2024_11:23:33 PM,23.8
12914.0,2,2.7117,389.8,7/21/2024_11:23:35 PM,23.8
12916.0,2,2.7106,389.7,7/21/2024_11:23:37 PM,23.8
12918.0,2,2.7097,389.7,7/21/2024_11:23:39 PM,23.8
12920.0,2,2.7088,389.7,7/21/2024_11:23:41 PM,23.8
12922.0,2,2.7079,389.6,7/21/2024_11:23:43 PM,23.8
12924.0,2,2.707,389.6,7/21/2024_11:23:45 PM,23.8
12926.0,2,2.706,389.6,7/21/2024_11:23:47 PM,23.8
12928.0,2,2.7051,389.5,7/21/2024_11:23:49 PM,23.8
12930.0,2,2.7043,389.5,7/21/2024_11:23:51 PM,23.8
12932.0,2,2.7034,389.5,7/21/2024_11:23:53 PM,23.8
12934.0,2,2.7026,389.4,7/21/2024_11:23:55 PM,23.8
12936.0,2,2.7016,389.4,7/21/2024_11:23:57 PM,23.8
12938.0,2,2.7008,389.4,7/21/2024_11:23:59 PM,23.8
12940.0,2,2.6999,389.3,7/21/2024_11:24:01 PM,23.8
12942.0,2,2.6991,389.3,7/21/2024_11:24:03 PM,23.8
12944.0,2,2.6983,389.3,7/21/2024_11:24:05 PM,23.8
12946.0,2,2.6975,389.2,7/21/2024_11:24:07 PM,23.8
12948.0,2,2.6966,389.2,7/21/2024_11:24:09 PM,23.8
12950.0,2,2.6958,389.2,7/21/2024_11:24:11 PM,23.8
12952.0,2,2.695,389.1,7/21/2024_11:24:13 PM,23.8
12954.0,2,2.6942,389.1,7/21/2024_11:24:15 PM,23.8
12956.0,2,2.6934,389.0,7/21/2024_11:24:17 PM,23.8
12958.0,2,2.6926,389.0,7/21/2024_11:24:19 PM,23.8
12960.0,2,2.6919,389.0,7/21/2024_11:24:21 PM,23.8
12962.0,2,2.6911,388.9,7/21/2024_11:24:23 PM,23.8
12964.0,2,2.6903,388.9,7/21/2024_11:24:25 PM,23.8
12966.0,2,2.6896,388.9,7/21/2024_11:24:27 PM,23.8
12968.0,2,2.6888,388.8,7/21/2024_11:24:29 PM,23.8
12970.0,2,2.688,388.8,7/21/2024_11:24:31 PM,23.8
12972.0,2,2.6873,388.7,7/21/2024_11:24:33 PM,23.8
12974.0,2,2.6866,388.7,7/21/2024_11:24:35 PM,23.8
12976.0,2,2.6858,388.7,7/21/2024_11:24:37 PM,23.8
12978.0,2,2.6851,388.6,7/21/2024_11:24:39 PM,23.8
12980.0,2,2.6844,388.6,7/21/2024_11:24:41 PM,23.8
12982.0,2,2.6837,388.6,7/21/2024_11:24:43 PM,23.8
12984.0,2,2.6829,388.5,7/21/2024_11:24:45 PM,23.8
12986.0,2,2.6822,388.5,7/21/2024_11:24:47 PM,23.8
12988.0,2,2.6815,388.5,7/21/2024_11:24:49 PM,23.8
12990.0,2,2.6808,388.4,7/21/2024_11:24:51 PM,23.8
12992.0,2,2.6801,388.4,7/21/2024_11:24:53 PM,23.8
12994.0,2,2.6794,388.3,7/21/2024_11:24:55 PM,23.8
12996.0,2,2.6787,388.3,7/21/2024_11:24:57 PM,23.8
12998.0,2,2.6781,388.3,7/21/2024_11:24:59 PM,23.8
13000.0,2,2.6774,388.2,7/21/2024_11:25:01 PM,23.8
13002.0,2,2.6767,388.2,7/21/2024_11:25:03 PM,23.8
13004.0,2,2.6761,388.1,7/21/2024_11:25:05 PM,23.8
13006.0,2,2.6755,388.1,7/21/2024_11:25:07 PM,23.8
13008.0,2,2.6748,388.1,7/21/2024_11:25:09 PM,23.8
13010.0,2,2.6741,388.0,7/21/2024_11:25:11 PM,23.8
13012.0,2,2.6735,388.0,7/21/2024_11:25:13 PM,23.8
13014.0,2,2.6728,388.0,7/21/2024_11:25:15 PM,23.8
13016.0,2,2.6723,387.9,7/21/2024_11:25:17 PM,23.8
13018.0,2,2.6716,387.9,7/21/2024_11:25:19 PM,23.8
13020.0,2,2.671,387.8,7/21/2024_11:25:21 PM,23.8
13022.0,2,2.6704,387.8,7/21/2024_11:25:23 PM,23.8
13024.0,2,2.6697,387.8,7/21/2024_11:25:25 PM,23.8
13026.0,2,2.6692,387.7,7/21/2024_11:25:27 PM,23.8
13028.0,2,2.6686,387.7,7/21/2024_11:25:29 PM,23.8
13030.0,2,2.668,387.7,7/21/2024_11:25:31 PM,23.8
13032.0,2,2.6674,387.7,7/21/2024_11:25:33 PM,23.8
13034.0,2,2.6668,387.6,7/21/2024_11:25:35 PM,23.9
13036.0,2,2.6662,387.6,7/21/2024_11:25:37 PM,23.9
13038.0,2,2.6656,387.6,7/21/2024_11:25:39 PM,23.9
13040.0,2,2.6651,387.6,7/21/2024_11:25:41 PM,23.9
13042.0,2,2.6645,387.5,7/21/2024_11:25:43 PM,23.9
13044.0,2,2.664,387.5,7/21/2024_11:25:45 PM,23.9
13046.0,2,2.6634,387.5,7/21/2024_11:25:47 PM,23.9
13048.0,2,2.6629,387.4,7/21/2024_11:25:49 PM,23.9
13050.0,2,2.6623,387.4,7/21/2024_11:25:51 PM,23.9
13052.0,2,2.6617,387.4,7/21/2024_11:25:53 PM,23.9
13054.0,2,2.6612,387.3,7/21/2024_11:25:55 PM,23.9
13056.0,2,2.6607,387.3,7/21/2024_11:25:57 PM,23.9
13058.0,2,2.6601,387.3,7/21/2024_11:25:59 PM,23.9
13060.0,2,2.6596,387.2,7/21/2024_11:26:01 PM,23.9
13062.0,2,2.6591,387.2,7/21/2024_11:26:03 PM,23.9
13064.0,2,2.6586,387.2,7/21/2024_11:26:05 PM,23.9
13066.0,2,2.6581,387.1,7/21/2024_11:26:07 PM,23.9
13068.0,2,2.6576,387.1,7/21/2024_11:26:09 PM,23.9
13070.0,2,2.657,387.1,7/21/2024_11:26:11 PM,23.9
13072.0,2,2.6566,387.0,7/21/2024_11:26:13 PM,23.9
13074.0,2,2.656,387.0,7/21/2024_11:26:15 PM,23.9
13076.0,2,2.6555,387.0,7/21/2024_11:26:17 PM,23.9
13078.0,2,2.655,387.0,7/21/2024_11:26:19 PM,23.9
13080.0,2,2.6545,386.9,7/21/2024_11:26:21 PM,23.9
13082.0,2,2.6541,386.9,7/21/2024_11:26:23 PM,23.9
13084.0,2,2.6536,386.9,7/21/2024_11:26:25 PM,23.9
13086.0,2,2.6531,386.8,7/21/2024_11:26:27 PM,23.9
13088.0,2,2.6526,386.8,7/21/2024_11:26:29 PM,23.9
13090.0,2,2.6521,386.8,7/21/2024_11:26:31 PM,23.9
13092.0,2,2.6517,386.8,7/21/2024_11:26:33 PM,23.9
13094.0,2,2.6512,386.7,7/21/2024_11:26:35 PM,23.9
13096.0,2,2.6507,386.7,7/21/2024_11:26:37 PM,23.9
13098.0,2,2.6503,386.7,7/21/2024_11:26:39 PM,23.9
13100.0,2,2.6498,386.7,7/21/2024_11:26:41 PM,23.9
13102.0,2,2.6494,386.6,7/21/2024_11:26:43 PM,23.9
13104.0,2,2.6489,386.6,7/21/2024_11:26:45 PM,23.9
13106.0,2,2.6484,386.6,7/21/2024_11:26:47 PM,23.9
13108.0,2,2.648,386.5,7/21/2024_11:26:49 PM,23.9
13110.0,2,2.6476,386.5,7/21/2024_11:26:51 PM,23.9
13112.0,2,2.6471,386.5,7/21/2024_11:26:53 PM,23.9
13114.0,2,2.6467,386.4,7/21/2024_11:26:55 PM,23.9
13116.0,2,2.6463,386.4,7/21/2024_11:26:57 PM,23.9
13118.0,2,2.6458,386.4,7/21/2024_11:26:59 PM,23.9
13120.0,2,2.6454,386.3,7/21/2024_11:27:01 PM,23.9
13122.0,2,2.645,386.3,7/21/2024_11:27:03 PM,23.9
13124.0,2,2.6446,386.3,7/21/2024_11:27:05 PM,23.9
13126.0,2,2.6442,386.2,7/21/2024_11:27:07 PM,23.9
13128.0,2,2.6438,386.2,7/21/2024_11:27:09 PM,23.9
13130.0,2,2.6434,386.2,7/21/2024_11:27:11 PM,23.9
13132.0,2,2.643,386.1,7/21/2024_11:27:13 PM,23.9
13134.0,2,2.6426,386.1,7/21/2024_11:27:15 PM,23.9
13136.0,2,2.6421,386.1,7/21/2024_11:27:17 PM,23.9
13138.0,2,2.6418,386.0,7/21/2024_11:27:19 PM,23.9
13140.0,2,2.6414,386.0,7/21/2024_11:27:21 PM,23.9
13142.0,2,2.641,386.0,7/21/2024_11:27:23 PM,23.9
13144.0,2,2.6406,385.9,7/21/2024_11:27:25 PM,23.9
13146.0,2,2.6402,385.9,7/21/2024_11:27:27 PM,23.9
13148.0,2,2.6398,385.9,7/21/2024_11:27:29 PM,23.9
13150.0,2,2.6394,385.9,7/21/2024_11:27:31 PM,23.9
13152.0,2,2.639,385.8,7/21/2024_11:27:33 PM,23.9
13154.0,2,2.6386,385.8,7/21/2024_11:27:35 PM,23.9
13156.0,2,2.6383,385.8,7/21/2024_11:27:37 PM,23.9
13158.0,2,2.6379,385.8,7/21/2024_11:27:39 PM,23.9
13160.0,2,2.6376,385.7,7/21/2024_11:27:41 PM,23.9
13162.0,2,2.6372,385.7,7/21/2024_11:27:43 PM,23.9
13164.0,2,2.6368,385.7,7/21/2024_11:27:45 PM,23.9
13166.0,2,2.6365,385.7,7/21/2024_11:27:47 PM,23.9
13168.0,2,2.6361,385.6,7/21/2024_11:27:49 PM,23.9
13170.0,2,2.6357,385.6,7/21/2024_11:27:51 PM,23.9
13172.0,2,2.6354,385.6,7/21/2024_11:27:53 PM,23.9
13174.0,2,2.6351,385.5,7/21/2024_11:27:55 PM,23.9
13176.0,2,2.6347,385.5,7/21/2024_11:27:57 PM,23.9
13178.0,2,2.6344,385.5,7/21/2024_11:27:59 PM,23.9
13180.0,2,2.634,385.5,7/21/2024_11:28:01 PM,23.9
13182.0,2,2.6337,385.4,7/21/2024_11:28:03 PM,23.9
13184.0,2,2.6334,385.4,7/21/2024_11:28:05 PM,23.9
13186.0,2,2.633,385.4,7/21/2024_11:28:07 PM,23.9
13188.0,2,2.6327,385.4,7/21/2024_11:28:09 PM,23.9
13190.0,2,2.6324,385.3,7/21/2024_11:28:11 PM,23.9
13192.0,2,2.632,385.3,7/21/2024_11:28:13 PM,23.9
13194.0,2,2.6317,385.3,7/21/2024_11:28:15 PM,23.9
13196.0,2,2.6314,385.3,7/21/2024_11:28:17 PM,23.9
13198.0,2,2.6311,385.2,7/21/2024_11:28:19 PM,23.9
13200.0,2,2.6307,385.2,7/21/2024_11:28:21 PM,23.9
13202.0,2,2.6305,385.2,7/21/2024_11:28:23 PM,23.9
13204.0,2,2.6301,385.2,7/21/2024_11:28:25 PM,23.9
13206.0,2,2.6298,385.1,7/21/2024_11:28:27 PM,23.9
13208.0,2,2.6295,385.1,7/21/2024_11:28:29 PM,23.9
13210.0,2,2.6292,385.1,7/21/2024_11:28:31 PM,23.9
13212.0,2,2.6289,385.1,7/21/2024_11:28:33 PM,23.9
13214.0,2,2.6286,385.0,7/21/2024_11:28:35 PM,23.9
13216.0,2,2.6283,385.0,7/21/2024_11:28:37 PM,23.9
13218.0,2,2.628,385.0,7/21/2024_11:28:39 PM,23.9
13220.0,2,2.6277,385.0,7/21/2024_11:28:41 PM,23.9
13222.0,2,2.6274,385.0,7/21/2024_11:28:43 PM,23.9
13224.0,2,2.6271,384.9,7/21/2024_11:28:45 PM,23.9
13226.0,2,2.6268,384.9,7/21/2024_11:28:47 PM,23.9
13228.0,2,2.6265,384.9,7/21/2024_11:28:49 PM,23.9
13230.0,2,2.6262,384.8,7/21/2024_11:28:51 PM,23.9
13232.0,2,2.6259,384.8,7/21/2024_11:28:53 PM,23.9
13234.0,2,2.6256,384.8,7/21/2024_11:28:55 PM,23.9
13236.0,2,2.6254,384.8,7/21/2024_11:28:57 PM,23.9
13238.0,2,2.6251,384.8,7/21/2024_11:28:59 PM,23.9
13240.0,2,2.6248,384.7,7/21/2024_11:29:01 PM,23.9
13242.0,2,2.6245,384.7,7/21/2024_11:29:03 PM,23.9
13244.0,2,2.6243,384.7,7/21/2024_11:29:05 PM,23.9
13246.0,2,2.624,384.7,7/21/2024_11:29:07 PM,23.9
13248.0,2,2.6237,384.6,7/21/2024_11:29:09 PM,23.9
13250.0,2,2.6234,384.6,7/21/2024_11:29:11 PM,23.9
13252.0,2,2.6231,384.6,7/21/2024_11:29:13 PM,23.9
13254.0,2,2.6229,384.6,7/21/2024_11:29:15 PM,23.9
13256.0,2,2.6226,384.5,7/21/2024_11:29:17 PM,23.9
13258.0,2,2.6223,384.5,7/21/2024_11:29:19 PM,23.9
13260.0,2,2.6221,384.5,7/21/2024_11:29:21 PM,23.9
13262.0,2,2.6218,384.5,7/21/2024_11:29:23 PM,23.9
13264.0,2,2.6216,384.5,7/21/2024_11:29:25 PM,23.9
13266.0,2,2.6213,384.5,7/21/2024_11:29:27 PM,23.9
13268.0,2,2.6211,384.4,7/21/2024_11:29:29 PM,23.9
13270.0,2,2.6208,384.4,7/21/2024_11:29:31 PM,23.9
13272.0,2,2.6205,384.4,7/21/2024_11:29:33 PM,23.9
13274.0,2,2.6203,384.4,7/21/2024_11:29:35 PM,23.9
13276.0,2,2.62,384.4,7/21/2024_11:29:37 PM,23.9
13278.0,2,2.6198,384.4,7/21/2024_11:29:39 PM,23.9
13280.0,2,2.6195,384.3,7/21/2024_11:29:41 PM,23.9
13282.0,2,2.6193,384.3,7/21/2024_11:29:43 PM,23.9
13284.0,2,2.619,384.3,7/21/2024_11:29:45 PM,23.9
13286.0,2,2.6188,384.3,7/21/2024_11:29:47 PM,23.9
13288.0,2,2.6186,384.3,7/21/2024_11:29:49 PM,23.9
13290.0,2,2.6183,384.2,7/21/2024_11:29:51 PM,23.9
13292.0,2,2.6181,384.2,7/21/2024_11:29:53 PM,23.9
13294.0,2,2.6179,384.2,7/21/2024_11:29:55 PM,23.9
13296.0,2,2.6176,384.2,7/21/2024_11:29:57 PM,23.9
13298.0,2,2.6174,384.2,7/21/2024_11:29:59 PM,23.9
13300.0,2,2.6172,384.1,7/21/2024_11:30:01 PM,23.9
13302.0,2,2.617,384.1,7/21/2024_11:30:03 PM,23.9
13304.0,2,2.6167,384.1,7/21/2024_11:30:05 PM,23.9
13306.0,2,2.6165,384.1,7/21/2024_11:30:07 PM,23.9
13308.0,2,2.6163,384.1,7/21/2024_11:30:09 PM,23.9
13310.0,2,2.6161,384.0,7/21/2024_11:30:11 PM,23.9
13312.0,2,2.6158,384.0,7/21/2024_11:30:13 PM,23.9
13314.0,2,2.6156,384.0,7/21/2024_11:30:15 PM,23.9
13316.0,2,2.6154,384.0,7/21/2024_11:30:17 PM,23.9
13318.0,2,2.6152,384.0,7/21/2024_11:30:19 PM,23.9
13320.0,2,2.6149,384.0,7/21/2024_11:30:21 PM,23.9
13322.0,2,2.6147,384.0,7/21/2024_11:30:23 PM,23.9
13324.0,2,2.6145,383.9,7/21/2024_11:30:25 PM,23.9
13326.0,2,2.6143,383.9,7/21/2024_11:30:27 PM,23.9
13328.0,2,2.6141,383.9,7/21/2024_11:30:29 PM,23.9
13330.0,2,2.6139,383.9,7/21/2024_11:30:31 PM,23.9
13332.0,2,2.6137,383.9,7/21/2024_11:30:33 PM,23.9
13334.0,2,2.6135,383.8,7/21/2024_11:30:35 PM,23.9
13336.0,2,2.6132,383.8,7/21/2024_11:30:37 PM,23.9
13338.0,2,2.613,383.8,7/21/2024_11:30:39 PM,23.9
13340.0,2,2.6128,383.8,7/21/2024_11:30:41 PM,23.9
13342.0,2,2.6126,383.8,7/21/2024_11:30:43 PM,23.9
13344.0,2,2.6124,383.8,7/21/2024_11:30:45 PM,23.9
13346.0,2,2.6122,383.8,7/21/2024_11:30:47 PM,23.9
13348.0,2,2.612,383.7,7/21/2024_11:30:49 PM,23.9
13350.0,2,2.6118,383.7,7/21/2024_11:30:51 PM,23.9
13352.0,2,2.6116,383.7,7/21/2024_11:30:53 PM,23.9
13354.0,2,2.6115,383.7,7/21/2024_11:30:55 PM,23.9
13356.0,2,2.6113,383.7,7/21/2024_11:30:57 PM,23.9
13358.0,2,2.6111,383.7,7/21/2024_11:30:59 PM,23.9
13360.0,2,2.6109,383.6,7/21/2024_11:31:01 PM,23.9
13362.0,2,2.6107,383.6,7/21/2024_11:31:03 PM,23.9
13364.0,2,2.6105,383.6,7/21/2024_11:31:05 PM,23.9
13366.0,2,2.6103,383.6,7/21/2024_11:31:07 PM,23.9
13368.0,2,2.6101,383.6,7/21/2024_11:31:09 PM,23.9
13370.0,2,2.6099,383.6,7/21/2024_11:31:11 PM,23.9
13372.0,2,2.6097,383.5,7/21/2024_11:31:13 PM,23.9
13374.0,2,2.6095,383.5,7/21/2024_11:31:15 PM,23.9
13376.0,2,2.6093,383.5,7/21/2024_11:31:17 PM,23.9
13378.0,2,2.6092,383.5,7/21/2024_11:31:19 PM,23.9
13380.0,2,2.609,383.5,7/21/2024_11:31:21 PM,23.9
13382.0,2,2.6088,383.5,7/21/2024_11:31:23 PM,23.9
13384.0,2,2.6086,383.5,7/21/2024_11:31:25 PM,23.9
13386.0,2,2.6084,383.5,7/21/2024_11:31:27 PM,23.9
13388.0,2,2.6083,383.4,7/21/2024_11:31:29 PM,23.9
13390.0,2,2.6081,383.4,7/21/2024_11:31:31 PM,23.9
13392.0,2,2.6079,383.4,7/21/2024_11:31:33 PM,23.9
13394.0,2,2.6077,383.4,7/21/2024_11:31:35 PM,23.9
13396.0,2,2.6076,383.4,7/21/2024_11:31:37 PM,23.9
13398.0,2,2.6074,383.4,7/21/2024_11:31:39 PM,23.9
13400.0,2,2.6072,383.4,7/21/2024_11:31:41 PM,23.9
13402.0,2,2.607,383.3,7/21/2024_11:31:43 PM,23.9
13404.0,2,2.6069,383.3,7/21/2024_11:31:45 PM,23.9
13406.0,2,2.6067,383.3,7/21/2024_11:31:47 PM,23.9
13408.0,2,2.6065,383.3,7/21/2024_11:31:49 PM,23.9
13410.0,2,2.6063,383.3,7/21/2024_11:31:51 PM,23.9
13412.0,2,2.6062,383.2,7/21/2024_11:31:53 PM,23.9
13414.0,2,2.606,383.2,7/21/2024_11:31:55 PM,23.9
13416.0,2,2.6058,383.2,7/21/2024_11:31:57 PM,23.9
13418.0,2,2.6057,383.2,7/21/2024_11:31:59 PM,23.9
13420.0,2,2.6055,383.2,7/21/2024_11:32:01 PM,23.9
13422.0,2,2.6053,383.1,7/21/2024_11:32:03 PM,23.9
13424.0,2,2.6052,383.1,7/21/2024_11:32:05 PM,23.9
13426.0,2,2.605,383.1,7/21/2024_11:32:07 PM,23.9
13428.0,2,2.6048,383.1,7/21/2024_11:32:09 PM,23.9
13430.0,2,2.6047,383.1,7/21/2024_11:32:11 PM,23.9
13432.0,2,2.6045,383.1,7/21/2024_11:32:13 PM,23.9
13434.0,2,2.6044,383.0,7/21/2024_11:32:15 PM,23.9
13436.0,2,2.6042,383.0,7/21/2024_11:32:17 PM,23.9
13438.0,2,2.604,383.0,7/21/2024_11:32:19 PM,23.9
13440.0,2,2.6039,383.0,7/21/2024_11:32:21 PM,23.9
13442.0,2,2.6037,383.0,7/21/2024_11:32:23 PM,23.9
13444.0,2,2.6036,383.0,7/21/2024_11:32:25 PM,23.9
13446.0,2,2.6034,383.0,7/21/2024_11:32:27 PM,23.9
13448.0,2,2.6033,383.0,7/21/2024_11:32:29 PM,23.9
13450.0,2,2.6031,382.9,7/21/2024_11:32:31 PM,23.9
13452.0,2,2.603,382.9,7/21/2024_11:32:33 PM,23.9
13454.0,2,2.6028,382.9,7/21/2024_11:32:35 PM,23.9
13456.0,2,2.6027,382.9,7/21/2024_11:32:37 PM,23.9
13458.0,2,2.6025,382.9,7/21/2024_11:32:39 PM,23.9
13460.0,2,2.6023,382.9,7/21/2024_11:32:41 PM,23.9
13462.0,2,2.6022,382.9,7/21/2024_11:32:43 PM,23.9
13464.0,2,2.6021,382.9,7/21/2024_11:32:45 PM,23.9
13466.0,2,2.6019,382.8,7/21/2024_11:32:47 PM,23.9
13468.0,2,2.6018,382.8,7/21/2024_11:32:49 PM,23.9
13470.0,2,2.6016,382.8,7/21/2024_11:32:51 PM,23.9
13472.0,2,2.6015,382.8,7/21/2024_11:32:53 PM,23.9
13474.0,2,2.6013,382.8,7/21/2024_11:32:55 PM,23.9
13476.0,2,2.6012,382.8,7/21/2024_11:32:57 PM,23.9
13478.0,2,2.601,382.8,7/21/2024_11:32:59 PM,23.9
13480.0,2,2.6009,382.7,7/21/2024_11:33:01 PM,23.9
13482.0,2,2.6008,382.7,7/21/2024_11:33:03 PM,23.9
13484.0,2,2.6006,382.7,7/21/2024_11:33:05 PM,23.9
13486.0,2,2.6005,382.7,7/21/2024_11:33:07 PM,23.9
13488.0,2,2.6004,382.7,7/21/2024_11:33:09 PM,23.9
13490.0,2,2.6002,382.7,7/21/2024_11:33:11 PM,23.9
13492.0,2,2.6001,382.7,7/21/2024_11:33:13 PM,23.9
13494.0,2,2.5999,382.7,7/21/2024_11:33:15 PM,23.9
13496.0,2,2.5998,382.7,7/21/2024_11:33:17 PM,23.9
13498.0,2,2.5997,382.6,7/21/2024_11:33:19 PM,23.9
13500.0,2,2.5995,382.6,7/21/2024_11:33:21 PM,23.9
13502.0,2,2.5994,382.6,7/21/2024_11:33:23 PM,23.9
13504.0,2,2.5993,382.6,7/21/2024_11:33:25 PM,23.9
13506.0,2,2.5992,382.6,7/21/2024_11:33:27 PM,23.9
13508.0,2,2.599,382.6,7/21/2024_11:33:29 PM,23.9
13510.0,2,2.5989,382.6,7/21/2024_11:33:31 PM,23.9
13512.0,2,2.5988,382.6,7/21/2024_11:33:33 PM,23.9
13514.0,2,2.5986,382.6,7/21/2024_11:33:35 PM,23.9
13516.0,2,2.5985,382.5,7/21/2024_11:33:37 PM,23.9
13518.0,2,2.5984,382.5,7/21/2024_11:33:39 PM,23.9
13520.0,2,2.5982,382.5,7/21/2024_11:33:41 PM,23.9
13522.0,2,2.5981,382.5,7/21/2024_11:33:43 PM,23.9
13524.0,2,2.598,382.5,7/21/2024_11:33:45 PM,23.9
13526.0,2,2.5979,382.5,7/21/2024_11:33:47 PM,23.9
13528.0,2,2.5977,382.5,7/21/2024_11:33:49 PM,23.9
13530.0,2,2.5976,382.5,7/21/2024_11:33:51 PM,23.9
13532.0,2,2.5975,382.5,7/21/2024_11:33:53 PM,23.9
13534.0,2,2.5974,382.5,7/21/2024_11:33:55 PM,23.9
13536.0,2,2.5972,382.4,7/21/2024_11:33:57 PM,23.9
13538.0,2,2.5971,382.4,7/21/2024_11:33:59 PM,23.9
13540.0,2,2.597,382.4,7/21/2024_11:34:01 PM,23.9
13542.0,2,2.5969,382.4,7/21/2024_11:34:03 PM,23.9
13544.0,2,2.5968,382.4,7/21/2024_11:34:05 PM,23.9
13546.0,2,2.5966,382.4,7/21/2024_11:34:07 PM,23.9
13548.0,2,2.5965,382.4,7/21/2024_11:34:09 PM,23.9
13550.0,2,2.5964,382.4,7/21/2024_11:34:11 PM,23.9
13552.0,2,2.5963,382.4,7/21/2024_11:34:13 PM,23.9
13554.0,2,2.5962,382.3,7/21/2024_11:34:15 PM,23.9
13556.0,2,2.5961,382.3,7/21/2024_11:34:17 PM,23.9
13558.0,2,2.5959,382.3,7/21/2024_11:34:19 PM,23.9
13560.0,2,2.5958,382.3,7/21/2024_11:34:21 PM,23.9
13562.0,2,2.5957,382.3,7/21/2024_11:34:23 PM,23.9
13564.0,2,2.5956,382.3,7/21/2024_11:34:25 PM,23.9
13566.0,2,2.5954,382.3,7/21/2024_11:34:27 PM,23.9
13568.0,2,2.5953,382.3,7/21/2024_11:34:29 PM,23.9
13570.0,2,2.5952,382.3,7/21/2024_11:34:31 PM,23.9
13572.0,2,2.5951,382.2,7/21/2024_11:34:33 PM,23.9
13574.0,2,2.595,382.2,7/21/2024_11:34:35 PM,23.9
13576.0,2,2.5949,382.2,7/21/2024_11:34:37 PM,23.9
13578.0,2,2.5948,382.2,7/21/2024_11:34:39 PM,23.9
13580.0,2,2.5947,382.2,7/21/2024_11:34:41 PM,23.9
13582.0,2,2.5945,382.2,7/21/2024_11:34:43 PM,23.9
13584.0,2,2.5944,382.2,7/21/2024_11:34:45 PM,23.9
13586.0,2,2.5943,382.2,7/21/2024_11:34:47 PM,23.9
13588.0,2,2.5942,382.2,7/21/2024_11:34:49 PM,23.9
13590.0,2,2.5941,382.1,7/21/2024_11:34:51 PM,23.9
13592.0,2,2.594,382.1,7/21/2024_11:34:53 PM,23.9
13594.0,2,2.5939,382.1,7/21/2024_11:34:55 PM,23.9
13596.0,2,2.5937,382.1,7/21/2024_11:34:57 PM,23.9
13598.0,2,2.5936,382.1,7/21/2024_11:34:59 PM,23.9
13600.0,2,2.5935,382.1,7/21/2024_11:35:01 PM,23.9
13602.0,2,2.5934,382.1,7/21/2024_11:35:03 PM,23.9
13604.0,2,2.5933,382.1,7/21/2024_11:35:05 PM,23.9
13606.0,2,2.5932,382.1,7/21/2024_11:35:07 PM,23.9
13608.0,2,2.5931,382.1,7/21/2024_11:35:09 PM,23.9
13610.0,2,2.593,382.1,7/21/2024_11:35:11 PM,23.9
13612.0,2,2.5929,382.1,7/21/2024_11:35:13 PM,23.9
13614.0,2,2.5928,382.0,7/21/2024_11:35:15 PM,23.9
13616.0,2,2.5927,382.0,7/21/2024_11:35:17 PM,23.9
13618.0,2,2.5926,382.0,7/21/2024_11:35:19 PM,23.9
13620.0,2,2.5925,382.0,7/21/2024_11:35:21 PM,23.9
13622.0,2,2.5924,382.0,7/21/2024_11:35:23 PM,23.9
13624.0,2,2.5923,382.0,7/21/2024_11:35:25 PM,23.9
13626.0,2,2.5922,382.0,7/21/2024_11:35:27 PM,23.9
13628.0,2,2.5921,382.0,7/21/2024_11:35:29 PM,23.9
13630.0,2,2.592,382.0,7/21/2024_11:35:31 PM,23.9
13632.0,2,2.5919,382.0,7/21/2024_11:35:33 PM,23.9
13634.0,2,2.5918,382.0,7/21/2024_11:35:35 PM,23.9
13636.0,2,2.5917,382.0,7/21/2024_11:35:37 PM,23.9
13638.0,2,2.5916,382.0,7/21/2024_11:35:39 PM,23.9
13640.0,2,2.5915,382.0,7/21/2024_11:35:41 PM,23.9
13642.0,2,2.5914,382.0,7/21/2024_11:35:43 PM,23.9
13644.0,2,2.5913,382.0,7/21/2024_11:35:45 PM,23.9
13646.0,2,2.5912,382.0,7/21/2024_11:35:47 PM,23.9
13648.0,2,2.5911,381.9,7/21/2024_11:35:49 PM,23.9
13650.0,2,2.591,381.9,7/21/2024_11:35:51 PM,23.9
13652.0,2,2.5909,381.9,7/21/2024_11:35:53 PM,23.9
13654.0,2,2.5908,381.9,7/21/2024_11:35:55 PM,23.9
13656.0,2,2.5907,381.9,7/21/2024_11:35:57 PM,23.9
13658.0,2,2.5906,381.9,7/21/2024_11:35:59 PM,23.9
13660.0,2,2.5905,381.9,7/21/2024_11:36:01 PM,23.9
13662.0,2,2.5904,381.9,7/21/2024_11:36:03 PM,23.9
13664.0,2,2.5903,381.9,7/21/2024_11:36:05 PM,23.9
13666.0,2,2.5902,381.9,7/21/2024_11:36:07 PM,23.9
13668.0,2,2.5901,381.9,7/21/2024_11:36:09 PM,23.9
13670.0,2,2.59,381.9,7/21/2024_11:36:11 PM,23.9
13672.0,2,2.5899,381.9,7/21/2024_11:36:13 PM,23.9
13674.0,2,2.5899,381.9,7/21/2024_11:36:15 PM,23.9
13676.0,2,2.5897,381.9,7/21/2024_11:36:17 PM,23.9
13678.0,2,2.5897,381.9,7/21/2024_11:36:19 PM,23.9
13680.0,2,2.5896,381.9,7/21/2024_11:36:21 PM,23.9
13682.0,2,2.5895,381.9,7/21/2024_11:36:23 PM,23.9
13684.0,2,2.5894,381.9,7/21/2024_11:36:25 PM,23.9
13686.0,2,2.5893,381.9,7/21/2024_11:36:27 PM,24.0
13688.0,2,2.5892,381.9,7/21/2024_11:36:29 PM,24.0
13690.0,2,2.5891,381.9,7/21/2024_11:36:31 PM,24.0
13692.0,2,2.589,381.9,7/21/2024_11:36:33 PM,24.0
13694.0,2,2.5889,381.9,7/21/2024_11:36:35 PM,24.0
13696.0,2,2.5888,381.9,7/21/2024_11:36:37 PM,24.0
13698.0,2,2.5887,381.9,7/21/2024_11:36:39 PM,24.0
13700.0,2,2.5886,381.9,7/21/2024_11:36:41 PM,24.0
13702.0,2,2.5885,381.9,7/21/2024_11:36:43 PM,24.0
13704.0,2,2.5885,381.9,7/21/2024_11:36:45 PM,24.0
13706.0,2,2.5884,381.9,7/21/2024_11:36:47 PM,24.0
13708.0,2,2.5883,381.9,7/21/2024_11:36:49 PM,24.0
13710.0,2,2.5882,381.9,7/21/2024_11:36:51 PM,24.0
13712.0,2,2.5881,381.9,7/21/2024_11:36:53 PM,24.0
13714.0,2,2.588,381.9,7/21/2024_11:36:55 PM,24.0
13716.0,2,2.5879,381.9,7/21/2024_11:36:57 PM,24.0
13718.0,2,2.5879,381.8,7/21/2024_11:36:59 PM,24.0
13720.0,2,2.5878,381.8,7/21/2024_11:37:01 PM,24.0
13722.0,2,2.5877,381.8,7/21/2024_11:37:03 PM,24.0
13724.0,2,2.5876,381.8,7/21/2024_11:37:05 PM,24.0
13726.0,2,2.5875,381.8,7/21/2024_11:37:07 PM,24.0
13728.0,2,2.5874,381.8,7/21/2024_11:37:09 PM,24.0
13730.0,2,2.5873,381.8,7/21/2024_11:37:11 PM,24.0
13732.0,2,2.5872,381.8,7/21/2024_11:37:13 PM,24.0
13734.0,2,2.5871,381.7,7/21/2024_11:37:15 PM,24.0
13736.0,2,2.5871,381.7,7/21/2024_11:37:17 PM,24.0
13738.0,2,2.587,381.7,7/21/2024_11:37:19 PM,24.0
13740.0,2,2.5869,381.7,7/21/2024_11:37:21 PM,24.0
13742.0,2,2.5868,381.7,7/21/2024_11:37:23 PM,24.0
13744.0,2,2.5867,381.7,7/21/2024_11:37:25 PM,24.0
13746.0,2,2.5867,381.7,7/21/2024_11:37:27 PM,24.0
13748.0,2,2.5866,381.7,7/21/2024_11:37:29 PM,24.0
13750.0,2,2.5865,381.7,7/21/2024_11:37:31 PM,24.0
13752.0,2,2.5864,381.7,7/21/2024_11:37:33 PM,24.0
13754.0,2,2.5864,381.6,7/21/2024_11:37:35 PM,24.0
13756.0,2,2.5863,381.6,7/21/2024_11:37:37 PM,24.0
13758.0,2,2.5862,381.6,7/21/2024_11:37:39 PM,24.0
13760.0,2,2.5861,381.6,7/21/2024_11:37:41 PM,24.0
13762.0,2,2.5861,381.6,7/21/2024_11:37:43 PM,24.0
13764.0,2,2.586,381.6,7/21/2024_11:37:45 PM,24.0
13766.0,2,2.5859,381.6,7/21/2024_11:37:47 PM,24.0
13768.0,2,2.5859,381.6,7/21/2024_11:37:49 PM,24.0
13770.0,2,2.5858,381.6,7/21/2024_11:37:51 PM,24.0
13772.0,2,2.5857,381.5,7/21/2024_11:37:53 PM,24.0
13774.0,2,2.5856,381.5,7/21/2024_11:37:55 PM,24.0
13776.0,2,2.5856,381.5,7/21/2024_11:37:57 PM,24.0
13778.0,2,2.5855,381.5,7/21/2024_11:37:59 PM,24.0
13780.0,2,2.5854,381.5,7/21/2024_11:38:01 PM,24.0
13782.0,2,2.5853,381.5,7/21/2024_11:38:03 PM,24.0
13784.0,2,2.5853,381.5,7/21/2024_11:38:05 PM,24.0
13786.0,2,2.5852,381.5,7/21/2024_11:38:07 PM,24.0
13788.0,2,2.5851,381.5,7/21/2024_11:38:09 PM,24.0
13790.0,2,2.585,381.5,7/21/2024_11:38:11 PM,24.0
13792.0,2,2.585,381.5,7/21/2024_11:38:13 PM,24.0
13794.0,2,2.5849,381.5,7/21/2024_11:38:15 PM,24.0
13796.0,2,2.5848,381.4,7/21/2024_11:38:17 PM,24.0
13798.0,2,2.5847,381.4,7/21/2024_11:38:19 PM,24.0
13800.0,2,2.5847,381.4,7/21/2024_11:38:21 PM,24.0
13802.0,2,2.5846,381.4,7/21/2024_11:38:23 PM,24.0
13804.0,2,2.5845,381.4,7/21/2024_11:38:25 PM,24.0
13806.0,2,2.5844,381.4,7/21/2024_11:38:27 PM,24.0
13808.0,2,2.5844,381.4,7/21/2024_11:38:29 PM,24.0
13810.0,2,2.5843,381.4,7/21/2024_11:38:31 PM,24.0
13812.0,2,2.5842,381.4,7/21/2024_11:38:33 PM,24.0
13814.0,2,2.5842,381.4,7/21/2024_11:38:35 PM,24.0
13816.0,2,2.5841,381.4,7/21/2024_11:38:37 PM,24.0
13818.0,2,2.584,381.4,7/21/2024_11:38:39 PM,24.0
13820.0,2,2.5839,381.4,7/21/2024_11:38:41 PM,24.0
13822.0,2,2.5839,381.4,7/21/2024_11:38:43 PM,24.0
13824.0,2,2.5838,381.4,7/21/2024_11:38:45 PM,24.0
13826.0,2,2.5837,381.4,7/21/2024_11:38:47 PM,24.0
13828.0,2,2.5837,381.4,7/21/2024_11:38:49 PM,24.0
13830.0,2,2.5836,381.4,7/21/2024_11:38:51 PM,24.0
13832.0,2,2.5835,381.4,7/21/2024_11:38:53 PM,24.0
13834.0,2,2.5835,381.4,7/21/2024_11:38:55 PM,24.0
13836.0,2,2.5834,381.4,7/21/2024_11:38:57 PM,24.0
13838.0,2,2.5833,381.3,7/21/2024_11:38:59 PM,24.0
13840.0,2,2.5832,381.3,7/21/2024_11:39:01 PM,24.0
13842.0,2,2.5832,381.3,7/21/2024_11:39:03 PM,24.0
13844.0,2,2.5831,381.3,7/21/2024_11:39:05 PM,24.0
13846.0,2,2.583,381.3,7/21/2024_11:39:07 PM,24.0
13848.0,2,2.583,381.3,7/21/2024_11:39:09 PM,24.0
13850.0,2,2.5829,381.3,7/21/2024_11:39:11 PM,24.0
13852.0,2,2.5828,381.3,7/21/2024_11:39:13 PM,24.0
13854.0,2,2.5828,381.3,7/21/2024_11:39:15 PM,24.0
13856.0,2,2.5827,381.3,7/21/2024_11:39:17 PM,24.0
13858.0,2,2.5826,381.3,7/21/2024_11:39:19 PM,24.0
13860.0,2,2.5826,381.3,7/21/2024_11:39:21 PM,24.0
13862.0,2,2.5825,381.3,7/21/2024_11:39:23 PM,24.0
13864.0,2,2.5824,381.3,7/21/2024_11:39:25 PM,24.0
13866.0,2,2.5824,381.3,7/21/2024_11:39:27 PM,24.0
13868.0,2,2.5823,381.3,7/21/2024_11:39:29 PM,24.0
13870.0,2,2.5822,381.3,7/21/2024_11:39:31 PM,24.0
13872.0,2,2.5821,381.3,7/21/2024_11:39:33 PM,24.0
13874.0,2,2.5821,381.3,7/21/2024_11:39:35 PM,24.0
13876.0,2,2.582,381.3,7/21/2024_11:39:37 PM,24.0
13878.0,2,2.582,381.3,7/21/2024_11:39:39 PM,24.0
13880.0,2,2.5819,381.3,7/21/2024_11:39:41 PM,24.0
13882.0,2,2.5818,381.3,7/21/2024_11:39:43 PM,24.0
13884.0,2,2.5818,381.3,7/21/2024_11:39:45 PM,24.0
13886.0,2,2.5817,381.3,7/21/2024_11:39:47 PM,24.0
13888.0,2,2.5816,381.3,7/21/2024_11:39:49 PM,24.0
13890.0,2,2.5816,381.3,7/21/2024_11:39:51 PM,24.0
13892.0,2,2.5815,381.2,7/21/2024_11:39:53 PM,24.0
13894.0,2,2.5814,381.2,7/21/2024_11:39:55 PM,24.0
13896.0,2,2.5814,381.2,7/21/2024_11:39:57 PM,24.0
13898.0,2,2.5813,381.2,7/21/2024_11:39:59 PM,24.0
13900.0,2,2.5812,381.2,7/21/2024_11:40:01 PM,24.0
13902.0,2,2.5812,381.2,7/21/2024_11:40:03 PM,24.0
13904.0,2,2.5811,381.2,7/21/2024_11:40:05 PM,24.0
13906.0,2,2.5811,381.2,7/21/2024_11:40:07 PM,24.0
13908.0,2,2.581,381.2,7/21/2024_11:40:09 PM,24.0
13910.0,2,2.581,381.2,7/21/2024_11:40:11 PM,24.0
13912.0,2,2.5809,381.2,7/21/2024_11:40:13 PM,24.0
13914.0,2,2.5808,381.2,7/21/2024_11:40:15 PM,24.0
13916.0,2,2.5808,381.2,7/21/2024_11:40:17 PM,24.0
13918.0,2,2.5807,381.2,7/21/2024_11:40:19 PM,24.0
13920.0,2,2.5806,381.2,7/21/2024_11:40:21 PM,24.0
13922.0,2,2.5806,381.2,7/21/2024_11:40:23 PM,24.0
13924.0,2,2.5805,381.2,7/21/2024_11:40:25 PM,24.0
13926.0,2,2.5805,381.2,7/21/2024_11:40:27 PM,24.0
13928.0,2,2.5804,381.2,7/21/2024_11:40:29 PM,24.0
13930.0,2,2.5803,381.2,7/21/2024_11:40:31 PM,24.0
13932.0,2,2.5803,381.2,7/21/2024_11:40:33 PM,24.0
13934.0,2,2.5802,381.2,7/21/2024_11:40:35 PM,24.0
13936.0,2,2.5802,381.2,7/21/2024_11:40:37 PM,24.0
13938.0,2,2.5801,381.2,7/21/2024_11:40:39 PM,24.0
13940.0,2,2.58,381.2,7/21/2024_11:40:41 PM,24.0
13942.0,2,2.58,381.2,7/21/2024_11:40:43 PM,24.0
13944.0,2,2.5799,381.2,7/21/2024_11:40:45 PM,24.0
13946.0,2,2.5799,381.2,7/21/2024_11:40:47 PM,24.0
13948.0,2,2.5798,381.2,7/21/2024_11:40:49 PM,24.0
13950.0,2,2.5797,381.2,7/21/2024_11:40:51 PM,24.0
13952.0,2,2.5797,381.2,7/21/2024_11:40:53 PM,24.0
13954.0,2,2.5796,381.2,7/21/2024_11:40:55 PM,24.0
13956.0,2,2.5796,381.1,7/21/2024_11:40:57 PM,24.0
13958.0,2,2.5795,381.1,7/21/2024_11:40:59 PM,24.0
13960.0,2,2.5795,381.1,7/21/2024_11:41:01 PM,24.0
13962.0,2,2.5794,381.1,7/21/2024_11:41:03 PM,24.0
13964.0,2,2.5793,381.1,7/21/2024_11:41:05 PM,24.0
13966.0,2,2.5793,381.1,7/21/2024_11:41:07 PM,24.0
13968.0,2,2.5792,381.1,7/21/2024_11:41:09 PM,24.0
13970.0,2,2.5792,381.1,7/21/2024_11:41:11 PM,24.0
13972.0,2,2.5791,381.1,7/21/2024_11:41:13 PM,24.0
13974.0,2,2.5791,381.1,7/21/2024_11:41:15 PM,24.0
13976.0,2,2.579,381.1,7/21/2024_11:41:17 PM,24.0
13978.0,2,2.5789,381.1,7/21/2024_11:41:19 PM,24.0
13980.0,2,2.5789,381.1,7/21/2024_11:41:21 PM,24.0
13982.0,2,2.5788,381.1,7/21/2024_11:41:23 PM,24.0
13984.0,2,2.5788,381.1,7/21/2024_11:41:25 PM,24.0
13986.0,2,2.5787,381.1,7/21/2024_11:41:27 PM,24.0
13988.0,2,2.5786,381.1,7/21/2024_11:41:29 PM,24.0
13990.0,2,2.5786,381.1,7/21/2024_11:41:31 PM,24.0
13992.0,2,2.5785,381.1,7/21/2024_11:41:33 PM,24.0
13994.0,2,2.5785,381.1,7/21/2024_11:41:35 PM,24.0
13996.0,2,2.5784,381.1,7/21/2024_11:41:37 PM,24.0
13998.0,2,2.5784,381.1,7/21/2024_11:41:39 PM,24.0
14000.0,2,2.5783,381.1,7/21/2024_11:41:41 PM,24.0
14002.0,2,2.5783,381.1,7/21/2024_11:41:43 PM,24.0
14004.0,2,2.5782,381.1,7/21/2024_11:41:45 PM,24.0
14006.0,2,2.5782,381.1,7/21/2024_11:41:47 PM,24.0
14008.0,2,2.5781,381.1,7/21/2024_11:41:49 PM,24.0
14010.0,2,2.5781,381.1,7/21/2024_11:41:51 PM,24.0
14012.0,2,2.578,381.1,7/21/2024_11:41:53 PM,24.0
14014.0,2,2.5779,381.1,7/21/2024_11:41:55 PM,24.0
14016.0,2,2.5779,381.1,7/21/2024_11:41:57 PM,24.0
14018.0,2,2.5778,381.1,7/21/2024_11:41:59 PM,24.0
14020.0,2,2.5778,381.1,7/21/2024_11:42:01 PM,24.0
14022.0,2,2.5777,381.0,7/21/2024_11:42:03 PM,24.0
14024.0,2,2.5777,381.0,7/21/2024_11:42:05 PM,24.0
14026.0,2,2.5776,381.0,7/21/2024_11:42:07 PM,24.0
14028.0,2,2.5776,381.0,7/21/2024_11:42:09 PM,24.0
14030.0,2,2.5775,381.0,7/21/2024_11:42:11 PM,24.0
14032.0,2,2.5775,381.0,7/21/2024_11:42:13 PM,24.0
14034.0,2,2.5774,381.0,7/21/2024_11:42:15 PM,24.0
14036.0,2,2.5774,381.0,7/21/2024_11:42:17 PM,24.0
14038.0,2,2.5773,381.0,7/21/2024_11:42:19 PM,24.0
14040.0,2,2.5772,381.0,7/21/2024_11:42:21 PM,24.0
14042.0,2,2.5772,381.0,7/21/2024_11:42:23 PM,24.0
14044.0,2,2.5771,381.0,7/21/2024_11:42:25 PM,24.0
14046.0,2,2.5771,381.0,7/21/2024_11:42:27 PM,24.0
14048.0,2,2.5771,381.0,7/21/2024_11:42:29 PM,24.0
14050.0,2,2.577,381.0,7/21/2024_11:42:31 PM,24.0
14052.0,2,2.577,381.0,7/21/2024_11:42:33 PM,24.0
14054.0,2,2.5769,381.0,7/21/2024_11:42:35 PM,24.0
14056.0,2,2.5769,381.0,7/21/2024_11:42:37 PM,24.0
14058.0,2,2.5768,381.0,7/21/2024_11:42:39 PM,24.0
14060.0,2,2.5768,381.0,7/21/2024_11:42:41 PM,24.0
14062.0,2,2.5767,381.0,7/21/2024_11:42:43 PM,24.0
14064.0,2,2.5766,381.0,7/21/2024_11:42:45 PM,24.0
14066.0,2,2.5766,381.0,7/21/2024_11:42:47 PM,24.0
14068.0,2,2.5766,381.0,7/21/2024_11:42:49 PM,24.0
14070.0,2,2.5765,381.0,7/21/2024_11:42:51 PM,24.0
14072.0,2,2.5765,381.0,7/21/2024_11:42:53 PM,24.0
14074.0,2,2.5764,381.0,7/21/2024_11:42:55 PM,24.0
14076.0,2,2.5764,381.0,7/21/2024_11:42:57 PM,24.0
14078.0,2,2.5763,381.0,7/21/2024_11:42:59 PM,24.0
14080.0,2,2.5763,381.0,7/21/2024_11:43:01 PM,24.0
14082.0,2,2.5762,381.0,7/21/2024_11:43:03 PM,24.0
14084.0,2,2.5762,380.9,7/21/2024_11:43:05 PM,24.0
14086.0,2,2.5762,380.9,7/21/2024_11:43:07 PM,24.0
14088.0,2,2.5761,380.9,7/21/2024_11:43:09 PM,24.0
14090.0,2,2.5761,380.9,7/21/2024_11:43:11 PM,24.0
14092.0,2,2.576,380.9,7/21/2024_11:43:13 PM,24.0
14094.0,2,2.576,380.9,7/21/2024_11:43:15 PM,24.0
14096.0,2,2.576,380.9,7/21/2024_11:43:17 PM,24.0
14098.0,2,2.5759,380.9,7/21/2024_11:43:19 PM,24.0
14100.0,2,2.5758,380.9,7/21/2024_11:43:21 PM,24.0
14102.0,2,2.5758,380.9,7/21/2024_11:43:23 PM,24.0
14104.0,2,2.5758,380.9,7/21/2024_11:43:25 PM,24.0
14106.0,2,2.5757,380.9,7/21/2024_11:43:27 PM,24.0
14108.0,2,2.5757,380.9,7/21/2024_11:43:29 PM,24.0
14110.0,2,2.5756,380.9,7/21/2024_11:43:31 PM,24.0
14112.0,2,2.5756,380.9,7/21/2024_11:43:33 PM,24.0
14114.0,2,2.5755,380.9,7/21/2024_11:43:35 PM,24.0
14116.0,2,2.5755,380.9,7/21/2024_11:43:37 PM,24.0
14118.0,2,2.5755,380.9,7/21/2024_11:43:39 PM,24.0
14120.0,2,2.5754,380.9,7/21/2024_11:43:41 PM,24.0
14122.0,2,2.5754,380.9,7/21/2024_11:43:43 PM,24.0
14124.0,2,2.5753,380.9,7/21/2024_11:43:45 PM,24.0
14126.0,2,2.5753,380.9,7/21/2024_11:43:47 PM,24.0
14128.0,2,2.5753,380.8,7/21/2024_11:43:49 PM,24.0
14130.0,2,2.5752,380.8,7/21/2024_11:43:51 PM,24.0
14132.0,2,2.5752,380.8,7/21/2024_11:43:53 PM,24.0
14134.0,2,2.5751,380.8,7/21/2024_11:43:55 PM,24.0
14136.0,2,2.5751,380.8,7/21/2024_11:43:57 PM,24.0
14138.0,2,2.575,380.8,7/21/2024_11:43:59 PM,24.0
14140.0,2,2.575,380.8,7/21/2024_11:44:01 PM,24.0
14142.0,2,2.5749,380.8,7/21/2024_11:44:03 PM,24.0
14144.0,2,2.5749,380.8,7/21/2024_11:44:05 PM,24.0
14146.0,2,2.5748,380.8,7/21/2024_11:44:07 PM,24.0
14148.0,2,2.5748,380.8,7/21/2024_11:44:09 PM,24.0
14150.0,2,2.5747,380.8,7/21/2024_11:44:11 PM,24.0
14152.0,2,2.5747,380.8,7/21/2024_11:44:13 PM,24.0
14154.0,2,2.5747,380.8,7/21/2024_11:44:15 PM,24.0
14156.0,2,2.5746,380.8,7/21/2024_11:44:17 PM,24.0
14158.0,2,2.5746,380.8,7/21/2024_11:44:19 PM,24.0
14160.0,2,2.5745,380.8,7/21/2024_11:44:21 PM,24.0
14162.0,2,2.5745,380.8,7/21/2024_11:44:23 PM,24.0
14164.0,2,2.5745,380.8,7/21/2024_11:44:25 PM,24.0
14166.0,2,2.5744,380.8,7/21/2024_11:44:27 PM,24.0
14168.0,2,2.5744,380.8,7/21/2024_11:44:29 PM,24.0
14170.0,2,2.5743,380.8,7/21/2024_11:44:31 PM,24.0
14172.0,2,2.5743,380.8,7/21/2024_11:44:33 PM,24.0
14174.0,2,2.5742,380.8,7/21/2024_11:44:35 PM,24.0
14176.0,2,2.5742,380.8,7/21/2024_11:44:37 PM,24.0
14178.0,2,2.5742,380.8,7/21/2024_11:44:39 PM,24.0
14180.0,2,2.5741,380.8,7/21/2024_11:44:41 PM,24.0
14182.0,2,2.5741,380.8,7/21/2024_11:44:43 PM,24.0
14184.0,2,2.574,380.8,7/21/2024_11:44:45 PM,24.0
14186.0,2,2.574,380.8,7/21/2024_11:44:47 PM,24.0
14188.0,2,2.5739,380.8,7/21/2024_11:44:49 PM,24.0
14190.0,2,2.5739,380.8,7/21/2024_11:44:51 PM,24.0
14192.0,2,2.5738,380.8,7/21/2024_11:44:53 PM,24.0
14194.0,2,2.5738,380.8,7/21/2024_11:44:55 PM,24.0
14196.0,2,2.5737,380.8,7/21/2024_11:44:57 PM,24.0
14198.0,2,2.5737,380.8,7/21/2024_11:44:59 PM,24.0
14200.0,2,2.5736,380.8,7/21/2024_11:45:01 PM,24.0
14202.0,2,2.5736,380.8,7/21/2024_11:45:03 PM,24.0
14204.0,2,2.5735,380.8,7/21/2024_11:45:05 PM,24.0
14206.0,2,2.5735,380.8,7/21/2024_11:45:07 PM,24.0
14208.0,2,2.5734,380.8,7/21/2024_11:45:09 PM,24.0
14210.0,2,2.5734,380.8,7/21/2024_11:45:11 PM,24.0
14212.0,2,2.5734,380.8,7/21/2024_11:45:13 PM,24.0
14214.0,2,2.5733,380.8,7/21/2024_11:45:15 PM,24.0
14216.0,2,2.5733,380.8,7/21/2024_11:45:17 PM,24.0
14218.0,2,2.5732,380.8,7/21/2024_11:45:19 PM,24.0
14220.0,2,2.5732,380.8,7/21/2024_11:45:21 PM,24.0
14222.0,2,2.5731,380.8,7/21/2024_11:45:23 PM,24.0
14224.0,2,2.5731,380.8,7/21/2024_11:45:25 PM,24.0
14226.0,2,2.573,380.8,7/21/2024_11:45:27 PM,24.0
14228.0,2,2.573,380.8,7/21/2024_11:45:29 PM,24.0
14230.0,2,2.573,380.8,7/21/2024_11:45:31 PM,24.0
14232.0,2,2.5729,380.8,7/21/2024_11:45:33 PM,24.0
14234.0,2,2.5729,380.8,7/21/2024_11:45:35 PM,24.0
14236.0,2,2.5728,380.8,7/21/2024_11:45:37 PM,24.0
14238.0,2,2.5728,380.8,7/21/2024_11:45:39 PM,24.0
14240.0,2,2.5727,380.8,7/21/2024_11:45:41 PM,24.0
14242.0,2,2.5726,380.8,7/21/2024_11:45:43 PM,24.0
14244.0,2,2.5726,380.8,7/21/2024_11:45:45 PM,24.0
14246.0,2,2.5726,380.8,7/21/2024_11:45:47 PM,24.0
14248.0,2,2.5726,380.8,7/21/2024_11:45:49 PM,24.0
14250.0,2,2.5725,380.8,7/21/2024_11:45:51 PM,24.0
14252.0,2,2.5724,380.8,7/21/2024_11:45:53 PM,24.0
14254.0,2,2.5724,380.8,7/21/2024_11:45:55 PM,24.0
14256.0,2,2.5723,380.8,7/21/2024_11:45:57 PM,24.0
14258.0,2,2.5723,380.8,7/21/2024_11:45:59 PM,24.0
14260.0,2,2.5722,380.8,7/21/2024_11:46:01 PM,24.0
14262.0,2,2.5722,380.8,7/21/2024_11:46:03 PM,24.0
14264.0,2,2.5722,380.8,7/21/2024_11:46:05 PM,24.0
14266.0,2,2.5721,380.8,7/21/2024_11:46:07 PM,24.0
14268.0,2,2.5721,380.8,7/21/2024_11:46:09 PM,24.0
14270.0,2,2.572,380.8,7/21/2024_11:46:11 PM,24.0
14272.0,2,2.572,380.8,7/21/2024_11:46:13 PM,24.0
14274.0,2,2.5719,380.8,7/21/2024_11:46:15 PM,24.0
14276.0,2,2.5719,380.8,7/21/2024_11:46:17 PM,24.0
14278.0,2,2.5718,380.8,7/21/2024_11:46:19 PM,24.0
14280.0,2,2.5718,380.8,7/21/2024_11:46:21 PM,24.0
14282.0,2,2.5717,380.8,7/21/2024_11:46:23 PM,24.0
14284.0,2,2.5717,380.8,7/21/2024_11:46:25 PM,24.0
14286.0,2,2.5717,380.8,7/21/2024_11:46:27 PM,24.0
14288.0,2,2.5716,380.8,7/21/2024_11:46:29 PM,24.0
14290.0,2,2.5716,380.8,7/21/2024_11:46:31 PM,24.0
14292.0,2,2.5715,380.8,7/21/2024_11:46:33 PM,24.0
14294.0,2,2.5715,380.8,7/21/2024_11:46:35 PM,24.0
14296.0,2,2.5714,380.8,7/21/2024_11:46:37 PM,24.0
14298.0,2,2.5714,380.8,7/21/2024_11:46:39 PM,24.0
14300.0,2,2.5713,380.8,7/21/2024_11:46:41 PM,24.0
14302.0,2,2.5713,380.8,7/21/2024_11:46:43 PM,24.0
14304.0,2,2.5713,380.8,7/21/2024_11:46:45 PM,24.0
14306.0,2,2.5712,380.8,7/21/2024_11:46:47 PM,24.0
14308.0,2,2.5712,380.8,7/21/2024_11:46:49 PM,24.0
14310.0,2,2.5711,380.8,7/21/2024_11:46:51 PM,24.0
14312.0,2,2.5711,380.8,7/21/2024_11:46:53 PM,24.0
14314.0,2,2.571,380.8,7/21/2024_11:46:55 PM,24.0
14316.0,2,2.571,380.8,7/21/2024_11:46:57 PM,24.0
14318.0,2,2.5709,380.8,7/21/2024_11:46:59 PM,24.0
14320.0,2,2.5709,380.8,7/21/2024_11:47:01 PM,24.0
14322.0,2,2.5709,380.8,7/21/2024_11:47:03 PM,24.0
14324.0,2,2.5708,380.8,7/21/2024_11:47:05 PM,24.0
14326.0,2,2.5708,380.8,7/21/2024_11:47:07 PM,24.0
14328.0,2,2.5707,380.8,7/21/2024_11:47:09 PM,24.0
14330.0,2,2.5707,380.8,7/21/2024_11:47:11 PM,24.0
14332.0,2,2.5706,380.8,7/21/2024_11:47:13 PM,24.0
14334.0,2,2.5706,380.8,7/21/2024_11:47:15 PM,24.0
14336.0,2,2.5705,380.8,7/21/2024_11:47:17 PM,24.0
14338.0,2,2.5705,380.8,7/21/2024_11:47:19 PM,24.0
14340.0,2,2.5704,380.8,7/21/2024_11:47:21 PM,24.0
14342.0,2,2.5704,380.8,7/21/2024_11:47:23 PM,24.0
14344.0,2,2.5704,380.8,7/21/2024_11:47:25 PM,24.0
14346.0,2,2.5703,380.8,7/21/2024_11:47:27 PM,24.0
14348.0,2,2.5703,380.8,7/21/2024_11:47:29 PM,24.0
14350.0,2,2.5703,380.8,7/21/2024_11:47:31 PM,24.0
14352.0,2,2.5702,380.8,7/21/2024_11:47:33 PM,24.0
14354.0,2,2.5701,380.8,7/21/2024_11:47:35 PM,24.0
14356.0,2,2.5701,380.8,7/21/2024_11:47:37 PM,24.0
14358.0,2,2.5701,380.8,7/21/2024_11:47:39 PM,24.0
14360.0,2,2.57,380.8,7/21/2024_11:47:41 PM,24.0
14362.0,2,2.57,380.8,7/21/2024_11:47:43 PM,24.0
14364.0,2,2.5699,380.8,7/21/2024_11:47:45 PM,24.0
14366.0,2,2.5699,380.8,7/21/2024_11:47:47 PM,24.0
14368.0,2,2.5698,380.8,7/21/2024_11:47:49 PM,24.0
14370.0,2,2.5698,380.8,7/21/2024_11:47:51 PM,24.0
14372.0,2,2.5697,380.8,7/21/2024_11:47:53 PM,24.0
14374.0,2,2.5697,380.8,7/21/2024_11:47:55 PM,24.0
14376.0,2,2.5697,380.8,7/21/2024_11:47:57 PM,24.0
14378.0,2,2.5696,380.9,7/21/2024_11:47:59 PM,24.0
14380.0,2,2.5696,380.9,7/21/2024_11:48:01 PM,24.0
14382.0,2,2.5696,380.9,7/21/2024_11:48:03 PM,24.0
14384.0,2,2.5695,380.9,7/21/2024_11:48:05 PM,24.0
14386.0,2,2.5695,380.9,7/21/2024_11:48:07 PM,24.0
14388.0,2,2.5694,380.9,7/21/2024_11:48:09 PM,24.0
14390.0,2,2.5694,380.9,7/21/2024_11:48:11 PM,24.0
14392.0,2,2.5694,380.9,7/21/2024_11:48:13 PM,24.0
14394.0,2,2.5693,380.9,7/21/2024_11:48:15 PM,24.0
14396.0,2,2.5693,380.9,7/21/2024_11:48:17 PM,24.0
14398.0,2,2.5692,380.9,7/21/2024_11:48:19 PM,24.0
14400.0,2,2.5692,380.9,7/21/2024_11:48:21 PM,24.0
14402.0,2,2.5692,380.9,7/21/2024_11:48:23 PM,24.0
14404.0,2,2.5691,380.9,7/21/2024_11:48:25 PM,24.0
14406.0,2,2.5691,380.9,7/21/2024_11:48:27 PM,24.0
14408.0,2,2.5691,380.9,7/21/2024_11:48:29 PM,24.0
14410.0,2,2.569,380.9,7/21/2024_11:48:31 PM,24.0
14412.0,2,2.569,380.9,7/21/2024_11:48:33 PM,24.0
14414.0,2,2.5689,380.9,7/21/2024_11:48:35 PM,24.0
14416.0,2,2.5689,380.9,7/21/2024_11:48:37 PM,24.0
14418.0,2,2.5689,380.9,7/21/2024_11:48:39 PM,24.0
14420.0,2,2.5688,380.9,7/21/2024_11:48:41 PM,24.0
14422.0,2,2.5688,380.9,7/21/2024_11:48:43 PM,24.0
14424.0,2,2.5688,380.9,7/21/2024_11:48:45 PM,24.0
14426.0,2,2.5687,380.9,7/21/2024_11:48:47 PM,24.0
14428.0,2,2.5687,380.9,7/21/2024_11:48:49 PM,24.0
14430.0,2,2.5686,380.9,7/21/2024_11:48:51 PM,24.0
14432.0,2,2.5686,380.9,7/21/2024_11:48:53 PM,24.0
14434.0,2,2.5686,380.9,7/21/2024_11:48:55 PM,24.0
14436.0,2,2.5685,380.9,7/21/2024_11:48:57 PM,24.0
14438.0,2,2.5685,380.9,7/21/2024_11:48:59 PM,24.0
14440.0,2,2.5684,380.9,7/21/2024_11:49:01 PM,24.0
14442.0,2,2.5684,380.9,7/21/2024_11:49:03 PM,24.0
14444.0,2,2.5684,380.9,7/21/2024_11:49:05 PM,24.0
14446.0,2,2.5683,380.9,7/21/2024_11:49:07 PM,24.0
14448.0,2,2.5683,381.0,7/21/2024_11:49:09 PM,24.0
14450.0,2,2.5682,381.0,7/21/2024_11:49:11 PM,24.0
14452.0,2,2.5682,381.0,7/21/2024_11:49:13 PM,24.0
14454.0,2,2.5682,381.0,7/21/2024_11:49:15 PM,24.0
14456.0,2,2.5681,381.0,7/21/2024_11:49:17 PM,24.0
14458.0,2,2.5681,381.0,7/21/2024_11:49:19 PM,24.0
14460.0,2,2.568,381.0,7/21/2024_11:49:21 PM,24.0
14462.0,2,2.568,381.0,7/21/2024_11:49:23 PM,24.0
14464.0,2,2.5679,381.0,7/21/2024_11:49:25 PM,24.0
14466.0,2,2.5679,381.0,7/21/2024_11:49:27 PM,24.0
14468.0,2,2.5679,381.0,7/21/2024_11:49:29 PM,24.0
14470.0,2,2.5679,381.0,7/21/2024_11:49:31 PM,24.0
14472.0,2,2.5678,381.0,7/21/2024_11:49:33 PM,24.0
14474.0,2,2.5678,381.0,7/21/2024_11:49:35 PM,24.0
14476.0,2,2.5677,381.0,7/21/2024_11:49:37 PM,24.0
14478.0,2,2.5677,381.0,7/21/2024_11:49:39 PM,24.0
14480.0,2,2.5676,381.0,7/21/2024_11:49:41 PM,24.0
14482.0,2,2.5676,381.0,7/21/2024_11:49:43 PM,24.0
14484.0,2,2.5676,381.0,7/21/2024_11:49:45 PM,24.0
14486.0,2,2.5675,381.0,7/21/2024_11:49:47 PM,24.0
14488.0,2,2.5675,381.0,7/21/2024_11:49:49 PM,24.0
14490.0,2,2.5675,381.0,7/21/2024_11:49:51 PM,24.0
14492.0,2,2.5674,381.0,7/21/2024_11:49:53 PM,24.0
14494.0,2,2.5674,381.1,7/21/2024_11:49:55 PM,24.0
14496.0,2,2.5673,381.1,7/21/2024_11:49:57 PM,24.0
14498.0,2,2.5673,381.1,7/21/2024_11:49:59 PM,24.0
14500.0,2,2.5673,381.1,7/21/2024_11:50:01 PM,24.0
14502.0,2,2.5672,381.1,7/21/2024_11:50:03 PM,24.0
14504.0,2,2.5672,381.1,7/21/2024_11:50:05 PM,24.0
14506.0,2,2.5671,381.1,7/21/2024_11:50:07 PM,24.0
14508.0,2,2.5671,381.1,7/21/2024_11:50:09 PM,24.0
14510.0,2,2.5671,381.1,7/21/2024_11:50:11 PM,24.0
14512.0,2,2.5671,381.1,7/21/2024_11:50:13 PM,24.0
14514.0,2,2.567,381.1,7/21/2024_11:50:15 PM,24.0
14516.0,2,2.567,381.1,7/21/2024_11:50:17 PM,24.0
14518.0,2,2.5669,381.1,7/21/2024_11:50:19 PM,24.0
14520.0,2,2.5669,381.1,7/21/2024_11:50:21 PM,24.0
14522.0,2,2.5669,381.1,7/21/2024_11:50:23 PM,24.0
14524.0,2,2.5668,381.1,7/21/2024_11:50:25 PM,24.0
14526.0,2,2.5668,381.1,7/21/2024_11:50:27 PM,24.0
14528.0,2,2.5668,381.1,7/21/2024_11:50:29 PM,24.0
14530.0,2,2.5667,381.1,7/21/2024_11:50:31 PM,24.0
14532.0,2,2.5667,381.1,7/21/2024_11:50:33 PM,24.0
14534.0,2,2.5666,381.1,7/21/2024_11:50:35 PM,24.0
14536.0,2,2.5666,381.1,7/21/2024_11:50:37 PM,24.0
14538.0,2,2.5666,381.1,7/21/2024_11:50:39 PM,24.0
14540.0,2,2.5665,381.1,7/21/2024_11:50:41 PM,24.0
14542.0,2,2.5665,381.1,7/21/2024_11:50:43 PM,24.0
14544.0,2,2.5664,381.1,7/21/2024_11:50:45 PM,24.0
14546.0,2,2.5664,381.1,7/21/2024_11:50:47 PM,24.0
14548.0,2,2.5664,381.1,7/21/2024_11:50:49 PM,24.0
14550.0,2,2.5663,381.1,7/21/2024_11:50:51 PM,24.0
14552.0,2,2.5663,381.1,7/21/2024_11:50:53 PM,24.0
14554.0,2,2.5662,381.1,7/21/2024_11:50:55 PM,24.0
14556.0,2,2.5662,381.1,7/21/2024_11:50:57 PM,24.0
14558.0,2,2.5662,381.1,7/21/2024_11:50:59 PM,24.0
14560.0,2,2.5661,381.1,7/21/2024_11:51:01 PM,24.0
14562.0,2,2.5661,381.1,7/21/2024_11:51:03 PM,24.0
14564.0,2,2.5661,381.1,7/21/2024_11:51:05 PM,24.0
14566.0,2,2.566,381.1,7/21/2024_11:51:07 PM,24.0
14568.0,2,2.566,381.1,7/21/2024_11:51:09 PM,24.0
14570.0,2,2.566,381.1,7/21/2024_11:51:11 PM,24.0
14572.0,2,2.5659,381.1,7/21/2024_11:51:13 PM,24.0
14574.0,2,2.5659,381.1,7/21/2024_11:51:15 PM,24.0
14576.0,2,2.5658,381.1,7/21/2024_11:51:17 PM,24.0
14578.0,2,2.5658,381.1,7/21/2024_11:51:19 PM,24.0
14580.0,2,2.5658,381.1,7/21/2024_11:51:21 PM,24.0
14582.0,2,2.5657,381.1,7/21/2024_11:51:23 PM,24.0
14584.0,2,2.5657,381.1,7/21/2024_11:51:25 PM,24.0
14586.0,2,2.5657,381.1,7/21/2024_11:51:27 PM,24.0
14588.0,2,2.5656,381.1,7/21/2024_11:51:29 PM,24.0
14590.0,2,2.5656,381.1,7/21/2024_11:51:31 PM,24.0
14592.0,2,2.5655,381.1,7/21/2024_11:51:33 PM,24.0
14594.0,2,2.5655,381.1,7/21/2024_11:51:35 PM,24.0
14596.0,2,2.5655,381.1,7/21/2024_11:51:37 PM,24.0
14598.0,2,2.5654,381.1,7/21/2024_11:51:39 PM,24.0
14600.0,2,2.5654,381.1,7/21/2024_11:51:41 PM,24.0
14602.0,2,2.5654,381.1,7/21/2024_11:51:43 PM,24.0
14604.0,2,2.5653,381.1,7/21/2024_11:51:45 PM,24.0
14606.0,2,2.5653,381.1,7/21/2024_11:51:47 PM,24.0
14608.0,2,2.5652,381.1,7/21/2024_11:51:49 PM,24.0
14610.0,2,2.5652,381.1,7/21/2024_11:51:51 PM,24.0
14612.0,2,2.5652,381.1,7/21/2024_11:51:53 PM,24.0
14614.0,2,2.5652,381.1,7/21/2024_11:51:55 PM,24.0
14616.0,2,2.5651,381.1,7/21/2024_11:51:57 PM,24.0
14618.0,2,2.5651,381.1,7/21/2024_11:51:59 PM,24.0
14620.0,2,2.565,381.1,7/21/2024_11:52:01 PM,24.0
14622.0,2,2.565,381.1,7/21/2024_11:52:03 PM,24.0
14624.0,2,2.565,381.1,7/21/2024_11:52:05 PM,24.0
14626.0,2,2.5649,381.1,7/21/2024_11:52:07 PM,24.0
14628.0,2,2.5649,381.1,7/21/2024_11:52:09 PM,24.0
14630.0,2,2.5649,381.1,7/21/2024_11:52:11 PM,24.0
14632.0,2,2.5649,381.1,7/21/2024_11:52:13 PM,24.0
14634.0,2,2.5648,381.1,7/21/2024_11:52:15 PM,24.0
14636.0,2,2.5648,381.1,7/21/2024_11:52:17 PM,24.0
14638.0,2,2.5647,381.1,7/21/2024_11:52:19 PM,24.0
14640.0,2,2.5647,381.1,7/21/2024_11:52:21 PM,24.0
14642.0,2,2.5646,381.1,7/21/2024_11:52:23 PM,24.0
14644.0,2,2.5646,381.1,7/21/2024_11:52:25 PM,24.0
14646.0,2,2.5646,381.1,7/21/2024_11:52:27 PM,24.0
14648.0,2,2.5646,381.1,7/21/2024_11:52:29 PM,24.0
14650.0,2,2.5645,381.1,7/21/2024_11:52:31 PM,24.0
14652.0,2,2.5645,381.1,7/21/2024_11:52:33 PM,24.0
14654.0,2,2.5645,381.1,7/21/2024_11:52:35 PM,24.0
14656.0,2,2.5644,381.1,7/21/2024_11:52:37 PM,24.0
14658.0,2,2.5644,381.1,7/21/2024_11:52:39 PM,24.0
14660.0,2,2.5643,381.1,7/21/2024_11:52:41 PM,24.0
14662.0,2,2.5643,381.1,7/21/2024_11:52:43 PM,24.0
14664.0,2,2.5643,381.1,7/21/2024_11:52:45 PM,24.0
14666.0,2,2.5642,381.1,7/21/2024_11:52:47 PM,24.0
14668.0,2,2.5642,381.1,7/21/2024_11:52:49 PM,24.0
14670.0,2,2.5642,381.1,7/21/2024_11:52:51 PM,24.0
14672.0,2,2.5642,381.1,7/21/2024_11:52:53 PM,24.0
14674.0,2,2.5641,381.1,7/21/2024_11:52:55 PM,24.0
14676.0,2,2.5641,381.1,7/21/2024_11:52:57 PM,24.0
14678.0,2,2.564,381.1,7/21/2024_11:52:59 PM,24.0
14680.0,2,2.564,381.1,7/21/2024_11:53:01 PM,24.0
14682.0,2,2.564,381.1,7/21/2024_11:53:03 PM,24.0
14684.0,2,2.5639,381.1,7/21/2024_11:53:05 PM,24.0
14686.0,2,2.5639,381.1,7/21/2024_11:53:07 PM,24.0
14688.0,2,2.5639,381.1,7/21/2024_11:53:09 PM,24.0
14690.0,2,2.5638,381.1,7/21/2024_11:53:11 PM,24.0
14692.0,2,2.5638,381.1,7/21/2024_11:53:13 PM,24.0
14694.0,2,2.5638,381.1,7/21/2024_11:53:15 PM,24.0
14696.0,2,2.5637,381.1,7/21/2024_11:53:17 PM,24.0
14698.0,2,2.5637,381.1,7/21/2024_11:53:19 PM,24.0
14700.0,2,2.5637,381.1,7/21/2024_11:53:21 PM,24.0
14702.0,2,2.5636,381.1,7/21/2024_11:53:23 PM,24.0
14704.0,2,2.5636,381.1,7/21/2024_11:53:25 PM,24.0
14706.0,2,2.5636,381.1,7/21/2024_11:53:27 PM,24.0
14708.0,2,2.5635,381.1,7/21/2024_11:53:29 PM,24.0
14710.0,2,2.5635,381.1,7/21/2024_11:53:31 PM,24.0
14712.0,2,2.5635,381.1,7/21/2024_11:53:33 PM,24.0
14714.0,2,2.5634,381.1,7/21/2024_11:53:35 PM,24.0
14716.0,2,2.5634,381.1,7/21/2024_11:53:37 PM,24.0
14718.0,2,2.5634,381.1,7/21/2024_11:53:39 PM,24.0
14720.0,2,2.5633,381.1,7/21/2024_11:53:41 PM,24.0
14722.0,2,2.5633,381.1,7/21/2024_11:53:43 PM,24.0
14724.0,2,2.5633,381.1,7/21/2024_11:53:45 PM,24.0
14726.0,2,2.5633,381.1,7/21/2024_11:53:47 PM,24.0
14728.0,2,2.5632,381.1,7/21/2024_11:53:49 PM,24.0
14730.0,2,2.5632,381.1,7/21/2024_11:53:51 PM,24.0
14732.0,2,2.5631,381.1,7/21/2024_11:53:53 PM,24.0
14734.0,2,2.5631,381.1,7/21/2024_11:53:55 PM,24.0
14736.0,2,2.5631,381.1,7/21/2024_11:53:57 PM,24.0
14738.0,2,2.5631,381.1,7/21/2024_11:53:59 PM,24.0
14740.0,2,2.563,381.1,7/21/2024_11:54:01 PM,24.0
14742.0,2,2.563,381.1,7/21/2024_11:54:03 PM,24.0
14744.0,2,2.5629,381.1,7/21/2024_11:54:05 PM,24.0
14746.0,2,2.5629,381.1,7/21/2024_11:54:07 PM,24.0
14748.0,2,2.5629,381.1,7/21/2024_11:54:09 PM,24.0
14750.0,2,2.5628,381.1,7/21/2024_11:54:11 PM,24.0
14752.0,2,2.5628,381.1,7/21/2024_11:54:13 PM,24.0
14754.0,2,2.5628,381.2,7/21/2024_11:54:15 PM,24.0
14756.0,2,2.5627,381.2,7/21/2024_11:54:17 PM,24.0
14758.0,2,2.5627,381.2,7/21/2024_11:54:19 PM,24.0
14760.0,2,2.5627,381.2,7/21/2024_11:54:21 PM,24.0
14762.0,2,2.5626,381.2,7/21/2024_11:54:23 PM,24.0
14764.0,2,2.5626,381.2,7/21/2024_11:54:25 PM,24.0
14766.0,2,2.5626,381.2,7/21/2024_11:54:27 PM,24.0
14768.0,2,2.5625,381.2,7/21/2024_11:54:29 PM,24.0
14770.0,2,2.5625,381.2,7/21/2024_11:54:31 PM,24.0
14772.0,2,2.5625,381.2,7/21/2024_11:54:33 PM,24.0
14774.0,2,2.5625,381.2,7/21/2024_11:54:35 PM,24.0
14776.0,2,2.5624,381.2,7/21/2024_11:54:37 PM,24.0
14778.0,2,2.5624,381.2,7/21/2024_11:54:39 PM,24.0
14780.0,2,2.5624,381.2,7/21/2024_11:54:41 PM,23.9
14782.0,2,2.5624,381.2,7/21/2024_11:54:43 PM,23.9
14784.0,2,2.5623,381.2,7/21/2024_11:54:45 PM,23.9
14786.0,2,2.5623,381.2,7/21/2024_11:54:47 PM,23.9
14788.0,2,2.5622,381.2,7/21/2024_11:54:49 PM,23.9
14790.0,2,2.5622,381.2,7/21/2024_11:54:51 PM,23.9
14792.0,2,2.5622,381.2,7/21/2024_11:54:53 PM,23.9
14794.0,2,2.5622,381.2,7/21/2024_11:54:55 PM,23.9
14796.0,2,2.5621,381.2,7/21/2024_11:54:57 PM,23.9
14798.0,2,2.5621,381.2,7/21/2024_11:54:59 PM,23.9
14800.0,2,2.5621,381.2,7/21/2024_11:55:01 PM,23.9
14802.0,2,2.562,381.2,7/21/2024_11:55:03 PM,23.9
14804.0,2,2.562,381.2,7/21/2024_11:55:05 PM,23.9
14806.0,2,2.562,381.2,7/21/2024_11:55:07 PM,23.9
14808.0,2,2.562,381.2,7/21/2024_11:55:09 PM,23.9
14810.0,2,2.5619,381.2,7/21/2024_11:55:11 PM,23.9
14812.0,2,2.5619,381.2,7/21/2024_11:55:13 PM,23.9
14814.0,2,2.5619,381.2,7/21/2024_11:55:15 PM,23.9
14816.0,2,2.5619,381.2,7/21/2024_11:55:17 PM,23.9
14818.0,2,2.5618,381.2,7/21/2024_11:55:19 PM,23.9
14820.0,2,2.5618,381.2,7/21/2024_11:55:21 PM,23.9
14822.0,2,2.5618,381.2,7/21/2024_11:55:23 PM,23.9
14824.0,2,2.5617,381.2,7/21/2024_11:55:25 PM,23.9
14826.0,2,2.5617,381.2,7/21/2024_11:55:27 PM,23.9
14828.0,2,2.5617,381.2,7/21/2024_11:55:29 PM,23.9
14830.0,2,2.5617,381.2,7/21/2024_11:55:31 PM,23.9
14832.0,2,2.5616,381.2,7/21/2024_11:55:33 PM,23.9
14834.0,2,2.5616,381.2,7/21/2024_11:55:35 PM,23.9
14836.0,2,2.5615,381.2,7/21/2024_11:55:37 PM,23.9
14838.0,2,2.5615,381.2,7/21/2024_11:55:39 PM,23.9
14840.0,2,2.5615,381.2,7/21/2024_11:55:41 PM,23.9
14842.0,2,2.5615,381.2,7/21/2024_11:55:43 PM,23.9
14844.0,2,2.5614,381.2,7/21/2024_11:55:45 PM,23.9
14846.0,2,2.5614,381.2,7/21/2024_11:55:47 PM,23.9
14848.0,2,2.5614,381.2,7/21/2024_11:55:49 PM,23.9
14850.0,2,2.5614,381.2,7/21/2024_11:55:51 PM,23.9
14852.0,2,2.5614,381.2,7/21/2024_11:55:53 PM,23.9
14854.0,2,2.5613,381.2,7/21/2024_11:55:55 PM,23.9
14856.0,2,2.5613,381.2,7/21/2024_11:55:57 PM,23.9
14858.0,2,2.5613,381.2,7/21/2024_11:55:59 PM,23.9
14860.0,2,2.5612,381.2,7/21/2024_11:56:01 PM,23.9
14862.0,2,2.5612,381.2,7/21/2024_11:56:03 PM,23.9
14864.0,2,2.5612,381.2,7/21/2024_11:56:05 PM,23.9
14866.0,2,2.5612,381.2,7/21/2024_11:56:07 PM,23.9
14868.0,2,2.5611,381.2,7/21/2024_11:56:09 PM,23.9
14870.0,2,2.5611,381.2,7/21/2024_11:56:11 PM,23.8
14872.0,2,2.5611,381.2,7/21/2024_11:56:13 PM,23.8
14874.0,2,2.5611,381.2,7/21/2024_11:56:15 PM,23.8
14876.0,2,2.5611,381.2,7/21/2024_11:56:17 PM,23.8
14878.0,2,2.561,381.2,7/21/2024_11:56:19 PM,23.8
14880.0,2,2.561,381.2,7/21/2024_11:56:21 PM,23.8
14882.0,2,2.561,381.2,7/21/2024_11:56:23 PM,23.8
14884.0,2,2.5609,381.2,7/21/2024_11:56:25 PM,23.8
14886.0,2,2.5609,381.2,7/21/2024_11:56:27 PM,23.8
14888.0,2,2.5608,381.2,7/21/2024_11:56:29 PM,23.8
14890.0,2,2.5608,381.2,7/21/2024_11:56:31 PM,23.8
14892.0,2,2.5608,381.2,7/21/2024_11:56:33 PM,23.8
14894.0,2,2.5608,381.2,7/21/2024_11:56:35 PM,23.8
14896.0,2,2.5607,381.2,7/21/2024_11:56:37 PM,23.8
14898.0,2,2.5607,381.2,7/21/2024_11:56:39 PM,23.8
14900.0,2,2.5607,381.2,7/21/2024_11:56:41 PM,23.8
14902.0,2,2.5606,381.2,7/21/2024_11:56:43 PM,23.8
14904.0,2,2.5606,381.2,7/21/2024_11:56:45 PM,23.8
14906.0,2,2.5606,381.2,7/21/2024_11:56:47 PM,23.8
14908.0,2,2.5606,381.2,7/21/2024_11:56:49 PM,23.8
14910.0,2,2.5605,381.2,7/21/2024_11:56:51 PM,23.8
14912.0,2,2.5605,381.2,7/21/2024_11:56:53 PM,23.8
14914.0,2,2.5605,381.2,7/21/2024_11:56:55 PM,23.8
14916.0,2,2.5604,381.2,7/21/2024_11:56:57 PM,23.8
14918.0,2,2.5604,381.2,7/21/2024_11:56:59 PM,23.8
14920.0,2,2.5604,381.2,7/21/2024_11:57:01 PM,23.8
14922.0,2,2.5604,381.2,7/21/2024_11:57:03 PM,23.8
14924.0,2,2.5604,381.2,7/21/2024_11:57:05 PM,23.8
14926.0,2,2.5604,381.2,7/21/2024_11:57:07 PM,23.8
14928.0,2,2.5603,381.2,7/21/2024_11:57:09 PM,23.8
14930.0,2,2.5603,381.2,7/21/2024_11:57:11 PM,23.8
14932.0,2,2.5603,381.2,7/21/2024_11:57:13 PM,23.8
14934.0,2,2.5603,381.2,7/21/2024_11:57:15 PM,23.8
14936.0,2,2.5602,381.2,7/21/2024_11:57:17 PM,23.8
14938.0,2,2.5602,381.2,7/21/2024_11:57:19 PM,23.8
14940.0,2,2.5602,381.2,7/21/2024_11:57:21 PM,23.8
14942.0,2,2.5601,381.2,7/21/2024_11:57:23 PM,23.8
14944.0,2,2.5601,381.2,7/21/2024_11:57:25 PM,23.8
14946.0,2,2.5601,381.2,7/21/2024_11:57:27 PM,23.8
14948.0,2,2.5601,381.2,7/21/2024_11:57:29 PM,23.8
14950.0,2,2.56,381.2,7/21/2024_11:57:31 PM,23.8
14952.0,2,2.56,381.2,7/21/2024_11:57:33 PM,23.8
14954.0,2,2.56,381.2,7/21/2024_11:57:35 PM,23.8
14956.0,2,2.56,381.2,7/21/2024_11:57:37 PM,23.8
14958.0,2,2.5599,381.1,7/21/2024_11:57:39 PM,23.8
14960.0,2,2.5599,381.1,7/21/2024_11:57:41 PM,23.8
14962.0,2,2.5599,381.1,7/21/2024_11:57:43 PM,23.8
14964.0,2,2.5599,381.1,7/21/2024_11:57:45 PM,23.8
14966.0,2,2.5598,381.1,7/21/2024_11:57:47 PM,23.8
14968.0,2,2.5598,381.1,7/21/2024_11:57:49 PM,23.8
14970.0,2,2.5598,381.1,7/21/2024_11:57:51 PM,23.8
14972.0,2,2.5598,381.1,7/21/2024_11:57:53 PM,23.8
14974.0,2,2.5598,381.1,7/21/2024_11:57:55 PM,23.8
14976.0,2,2.5598,381.1,7/21/2024_11:57:57 PM,23.8
14978.0,2,2.5597,381.1,7/21/2024_11:57:59 PM,23.8
14980.0,2,2.5597,381.1,7/21/2024_11:58:01 PM,23.8
14982.0,2,2.5597,381.1,7/21/2024_11:58:03 PM,23.8
14984.0,2,2.5596,381.1,7/21/2024_11:58:05 PM,23.8
14986.0,2,2.5596,381.1,7/21/2024_11:58:07 PM,23.8
14988.0,2,2.5596,381.1,7/21/2024_11:58:09 PM,23.8
14990.0,2,2.5596,381.1,7/21/2024_11:58:11 PM,23.8
14992.0,2,2.5596,381.1,7/21/2024_11:58:13 PM,23.8
14994.0,2,2.5595,381.1,7/21/2024_11:58:15 PM,23.8
14996.0,2,2.5595,381.1,7/21/2024_11:58:17 PM,23.8
14998.0,2,2.5595,381.1,7/21/2024_11:58:19 PM,23.8
15000.0,2,2.5595,381.1,7/21/2024_11:58:21 PM,23.8
15002.0,2,2.5594,381.1,7/21/2024_11:58:23 PM,23.8
15004.0,2,2.5594,381.1,7/21/2024_11:58:25 PM,23.8
15006.0,2,2.5594,381.1,7/21/2024_11:58:27 PM,23.8
15008.0,2,2.5594,381.1,7/21/2024_11:58:29 PM,23.8
15010.0,2,2.5593,381.1,7/21/2024_11:58:31 PM,23.8
15012.0,2,2.5593,381.1,7/21/2024_11:58:33 PM,23.8
15014.0,2,2.5593,381.1,7/21/2024_11:58:35 PM,23.8
15016.0,2,2.5593,381.1,7/21/2024_11:58:37 PM,23.8
15018.0,2,2.5593,381.1,7/21/2024_11:58:39 PM,23.8
15020.0,2,2.5593,381.1,7/21/2024_11:58:41 PM,23.8
15022.0,2,2.5592,381.1,7/21/2024_11:58:43 PM,23.8
15024.0,2,2.5592,381.1,7/21/2024_11:58:45 PM,23.8
15026.0,2,2.5592,381.1,7/21/2024_11:58:47 PM,23.8
15028.0,2,2.5592,381.1,7/21/2024_11:58:49 PM,23.8
15030.0,2,2.5591,381.1,7/21/2024_11:58:51 PM,23.8
15032.0,2,2.5591,381.1,7/21/2024_11:58:53 PM,23.8
15034.0,2,2.5591,381.1,7/21/2024_11:58:55 PM,23.8
15036.0,2,2.5591,381.1,7/21/2024_11:58:57 PM,23.8
15038.0,2,2.5591,381.1,7/21/2024_11:58:59 PM,23.8
15040.0,2,2.559,381.0,7/21/2024_11:59:01 PM,23.8
15042.0,2,2.559,381.0,7/21/2024_11:59:03 PM,23.8
15044.0,2,2.559,381.0,7/21/2024_11:59:05 PM,23.8
15046.0,2,2.559,381.0,7/21/2024_11:59:07 PM,23.8
15048.0,2,2.5589,381.0,7/21/2024_11:59:09 PM,23.8
15050.0,2,2.5589,381.0,7/21/2024_11:59:11 PM,23.8
15052.0,2,2.5589,381.0,7/21/2024_11:59:13 PM,23.8
15054.0,2,2.5588,381.0,7/21/2024_11:59:15 PM,23.8
15056.0,2,2.5588,381.0,7/21/2024_11:59:17 PM,23.8
15058.0,2,2.5588,381.0,7/21/2024_11:59:19 PM,23.8
15060.0,2,2.5587,381.0,7/21/2024_11:59:21 PM,23.8
15062.0,2,2.5587,381.0,7/21/2024_11:59:23 PM,23.8
15064.0,2,2.5587,381.0,7/21/2024_11:59:25 PM,23.8
15066.0,2,2.5587,381.0,7/21/2024_11:59:27 PM,23.8
15068.0,2,2.5587,381.0,7/21/2024_11:59:29 PM,23.8
15070.0,2,2.5587,381.0,7/21/2024_11:59:31 PM,23.8
15072.0,2,2.5586,381.0,7/21/2024_11:59:33 PM,23.8
15074.0,2,2.5586,381.0,7/21/2024_11:59:35 PM,23.8
15076.0,2,2.5586,381.0,7/21/2024_11:59:37 PM,23.8
15078.0,2,2.5586,381.0,7/21/2024_11:59:39 PM,23.8
15080.0,2,2.5585,381.0,7/21/2024_11:59:41 PM,23.8
15082.0,2,2.5585,381.0,7/21/2024_11:59:43 PM,23.8
15084.0,2,2.5585,381.0,7/21/2024_11:59:45 PM,23.8
15086.0,2,2.5585,381.0,7/21/2024_11:59:47 PM,23.8
15088.0,2,2.5585,381.0,7/21/2024_11:59:49 PM,23.8
15090.0,2,2.5585,381.0,7/21/2024_11:59:51 PM,23.8
15092.0,2,2.5584,381.0,7/21/2024_11:59:53 PM,23.8
15094.0,2,2.5584,381.0,7/21/2024_11:59:55 PM,23.8
15096.0,2,2.5584,381.0,7/21/2024_11:59:57 PM,23.8
15098.0,2,2.5583,381.0,7/21/2024_11:59:59 PM,23.8
15100.0,2,2.5583,381.0,7/22/2024_12:00:01 AM,23.8
15102.0,2,2.5583,381.0,7/22/2024_12:00:03 AM,23.8
15104.0,2,2.5583,381.0,7/22/2024_12:00:05 AM,23.8
15106.0,2,2.5583,381.0,7/22/2024_12:00:07 AM,23.8
15108.0,2,2.5583,381.0,7/22/2024_12:00:09 AM,23.8
15110.0,2,2.5582,381.0,7/22/2024_12:00:11 AM,23.8
15112.0,2,2.5582,381.0,7/22/2024_12:00:13 AM,23.8
15114.0,2,2.5582,381.0,7/22/2024_12:00:15 AM,23.8
15116.0,2,2.5582,381.0,7/22/2024_12:00:17 AM,23.8
15118.0,2,2.5582,381.0,7/22/2024_12:00:19 AM,23.8
15120.0,2,2.5581,381.0,7/22/2024_12:00:21 AM,23.8
15122.0,2,2.5581,381.0,7/22/2024_12:00:23 AM,23.8
15124.0,2,2.5581,381.0,7/22/2024_12:00:25 AM,23.8
15126.0,2,2.5581,381.0,7/22/2024_12:00:27 AM,23.8
15128.0,2,2.558,381.0,7/22/2024_12:00:29 AM,23.8
15130.0,2,2.558,381.0,7/22/2024_12:00:31 AM,23.8
15132.0,2,2.558,381.0,7/22/2024_12:00:33 AM,23.8
15134.0,2,2.558,381.0,7/22/2024_12:00:35 AM,23.8
15136.0,2,2.558,381.0,7/22/2024_12:00:37 AM,23.8
15138.0,2,2.5579,381.0,7/22/2024_12:00:39 AM,23.8
15140.0,2,2.5579,381.0,7/22/2024_12:00:41 AM,23.8
15142.0,2,2.5579,381.0,7/22/2024_12:00:43 AM,23.8
15144.0,2,2.5579,381.0,7/22/2024_12:00:45 AM,23.8
15146.0,2,2.5578,381.0,7/22/2024_12:00:47 AM,23.8
15148.0,2,2.5578,381.0,7/22/2024_12:00:49 AM,23.8
15150.0,2,2.5578,381.0,7/22/2024_12:00:51 AM,23.8
15152.0,2,2.5578,381.0,7/22/2024_12:00:53 AM,23.8
15154.0,2,2.5578,381.0,7/22/2024_12:00:55 AM,23.8
15156.0,2,2.5577,381.0,7/22/2024_12:00:57 AM,23.8
15158.0,2,2.5577,381.0,7/22/2024_12:00:59 AM,23.8
15160.0,2,2.5577,381.0,7/22/2024_12:01:01 AM,23.8
15162.0,2,2.5577,381.0,7/22/2024_12:01:03 AM,23.8
15164.0,2,2.5577,380.9,7/22/2024_12:01:05 AM,23.8
15166.0,2,2.5577,380.9,7/22/2024_12:01:07 AM,23.8
15168.0,2,2.5576,380.9,7/22/2024_12:01:09 AM,23.8
15170.0,2,2.5576,380.9,7/22/2024_12:01:11 AM,23.8
15172.0,2,2.5576,380.9,7/22/2024_12:01:13 AM,23.8
15174.0,2,2.5576,380.9,7/22/2024_12:01:15 AM,23.8
15176.0,2,2.5575,380.9,7/22/2024_12:01:17 AM,23.8
15178.0,2,2.5575,380.9,7/22/2024_12:01:19 AM,23.8
15180.0,2,2.5575,380.9,7/22/2024_12:01:21 AM,23.8
15182.0,2,2.5575,380.9,7/22/2024_12:01:23 AM,23.8
15184.0,2,2.5575,380.9,7/22/2024_12:01:25 AM,23.8
15186.0,2,2.5574,380.9,7/22/2024_12:01:27 AM,23.8
15188.0,2,2.5574,380.9,7/22/2024_12:01:29 AM,23.8
15190.0,2,2.5574,380.9,7/22/2024_12:01:31 AM,23.8
15192.0,2,2.5574,380.9,7/22/2024_12:01:33 AM,23.8
15194.0,2,2.5574,380.9,7/22/2024_12:01:35 AM,23.8
15196.0,2,2.5574,380.9,7/22/2024_12:01:37 AM,23.8
15198.0,2,2.5573,380.9,7/22/2024_12:01:39 AM,23.8
15200.0,2,2.5573,380.9,7/22/2024_12:01:41 AM,23.8
15202.0,2,2.5573,380.9,7/22/2024_12:01:43 AM,23.8
15204.0,2,2.5573,380.9,7/22/2024_12:01:45 AM,23.8
15206.0,2,2.5573,380.9,7/22/2024_12:01:47 AM,23.8
15208.0,2,2.5572,380.9,7/22/2024_12:01:49 AM,23.8
15210.0,2,2.5572,380.8,7/22/2024_12:01:51 AM,23.8
15212.0,2,2.5572,380.8,7/22/2024_12:01:53 AM,23.8
15214.0,2,2.5572,380.8,7/22/2024_12:01:55 AM,23.8
15216.0,2,2.5571,380.8,7/22/2024_12:01:57 AM,23.8
15218.0,2,2.5571,380.8,7/22/2024_12:01:59 AM,23.8
15220.0,2,2.5571,380.8,7/22/2024_12:02:01 AM,23.8
15222.0,2,2.5571,380.8,7/22/2024_12:02:03 AM,23.8
15224.0,2,2.5571,380.8,7/22/2024_12:02:05 AM,23.8
15226.0,2,2.557,380.8,7/22/2024_12:02:07 AM,23.8
15228.0,2,2.557,380.8,7/22/2024_12:02:09 AM,23.8
15230.0,2,2.557,380.8,7/22/2024_12:02:11 AM,23.8
15232.0,2,2.557,380.8,7/22/2024_12:02:13 AM,23.8
15234.0,2,2.557,380.8,7/22/2024_12:02:15 AM,23.8
15236.0,2,2.557,380.8,7/22/2024_12:02:17 AM,23.8
15238.0,2,2.5569,380.8,7/22/2024_12:02:19 AM,23.8
15240.0,2,2.5569,380.8,7/22/2024_12:02:21 AM,23.8
15242.0,2,2.5569,380.8,7/22/2024_12:02:23 AM,23.8
15244.0,2,2.5568,380.8,7/22/2024_12:02:25 AM,23.8
15246.0,2,2.5568,380.8,7/22/2024_12:02:27 AM,23.8
15248.0,2,2.5568,380.8,7/22/2024_12:02:29 AM,23.8
15250.0,2,2.5568,380.8,7/22/2024_12:02:31 AM,23.8
15252.0,2,2.5568,380.8,7/22/2024_12:02:33 AM,23.8
15254.0,2,2.5568,380.8,7/22/2024_12:02:35 AM,23.8
15256.0,2,2.5568,380.8,7/22/2024_12:02:37 AM,23.8
15258.0,2,2.5567,380.8,7/22/2024_12:02:39 AM,23.8
15260.0,2,2.5567,380.8,7/22/2024_12:02:41 AM,23.8
15262.0,2,2.5567,380.8,7/22/2024_12:02:43 AM,23.8
15264.0,2,2.5567,380.8,7/22/2024_12:02:45 AM,23.8
15266.0,2,2.5567,380.8,7/22/2024_12:02:47 AM,23.8
15268.0,2,2.5566,380.8,7/22/2024_12:02:49 AM,23.8
15270.0,2,2.5566,380.8,7/22/2024_12:02:51 AM,23.8
15272.0,2,2.5566,380.8,7/22/2024_12:02:53 AM,23.8
15274.0,2,2.5566,380.8,7/22/2024_12:02:55 AM,23.8
15276.0,2,2.5566,380.8,7/22/2024_12:02:57 AM,23.8
15278.0,2,2.5566,380.8,7/22/2024_12:02:59 AM,23.8
15280.0,2,2.5565,380.8,7/22/2024_12:03:01 AM,23.8
15282.0,2,2.5565,380.8,7/22/2024_12:03:03 AM,23.8
15284.0,2,2.5565,380.8,7/22/2024_12:03:05 AM,23.8
15286.0,2,2.5565,380.8,7/22/2024_12:03:07 AM,23.8
15288.0,2,2.5565,380.8,7/22/2024_12:03:09 AM,23.8
15290.0,2,2.5564,380.7,7/22/2024_12:03:11 AM,23.8
15292.0,2,2.5564,380.7,7/22/2024_12:03:13 AM,23.8
15294.0,2,2.5564,380.7,7/22/2024_12:03:15 AM,23.8
15296.0,2,2.5564,380.7,7/22/2024_12:03:17 AM,23.8
15298.0,2,2.5564,380.7,7/22/2024_12:03:19 AM,23.8
15300.0,2,2.5563,380.7,7/22/2024_12:03:21 AM,23.8
15302.0,2,2.5563,380.7,7/22/2024_12:03:23 AM,23.8
15304.0,2,2.5563,380.7,7/22/2024_12:03:25 AM,23.8
15306.0,2,2.5563,380.7,7/22/2024_12:03:27 AM,23.8
15308.0,2,2.5563,380.7,7/22/2024_12:03:29 AM,23.8
15310.0,2,2.5562,380.7,7/22/2024_12:03:31 AM,23.8
15312.0,2,2.5562,380.7,7/22/2024_12:03:33 AM,23.8
15314.0,2,2.5562,380.7,7/22/2024_12:03:35 AM,23.8
15316.0,2,2.5562,380.7,7/22/2024_12:03:37 AM,23.8
15318.0,2,2.5562,380.7,7/22/2024_12:03:39 AM,23.8
15320.0,2,2.5561,380.7,7/22/2024_12:03:41 AM,23.8
15322.0,2,2.5561,380.7,7/22/2024_12:03:43 AM,23.8
15324.0,2,2.5561,380.7,7/22/2024_12:03:45 AM,23.8
15326.0,2,2.5561,380.7,7/22/2024_12:03:47 AM,23.8
15328.0,2,2.556,380.7,7/22/2024_12:03:49 AM,23.8
15330.0,2,2.556,380.7,7/22/2024_12:03:51 AM,23.8
15332.0,2,2.556,380.7,7/22/2024_12:03:53 AM,23.8
15334.0,2,2.556,380.7,7/22/2024_12:03:55 AM,23.8
15336.0,2,2.556,380.7,7/22/2024_12:03:57 AM,23.8
15338.0,2,2.5559,380.7,7/22/2024_12:03:59 AM,23.8
15340.0,2,2.5559,380.7,7/22/2024_12:04:01 AM,23.8
15342.0,2,2.5559,380.7,7/22/2024_12:04:03 AM,23.8
15344.0,2,2.5559,380.7,7/22/2024_12:04:05 AM,23.8
15346.0,2,2.5558,380.7,7/22/2024_12:04:07 AM,23.8
15348.0,2,2.5558,380.7,7/22/2024_12:04:09 AM,23.8
15350.0,2,2.5558,380.7,7/22/2024_12:04:11 AM,23.8
15352.0,2,2.5558,380.7,7/22/2024_12:04:13 AM,23.8
15354.0,2,2.5558,380.7,7/22/2024_12:04:15 AM,23.8
15356.0,2,2.5558,380.7,7/22/2024_12:04:17 AM,23.8
15358.0,2,2.5558,380.7,7/22/2024_12:04:19 AM,23.8
15360.0,2,2.5558,380.7,7/22/2024_12:04:21 AM,23.8
15362.0,2,2.5557,380.7,7/22/2024_12:04:23 AM,23.8
15364.0,2,2.5557,380.7,7/22/2024_12:04:25 AM,23.8
15366.0,2,2.5557,380.7,7/22/2024_12:04:27 AM,23.8
15368.0,2,2.5557,380.7,7/22/2024_12:04:29 AM,23.8
15370.0,2,2.5557,380.7,7/22/2024_12:04:31 AM,23.8
15372.0,2,2.5557,380.7,7/22/2024_12:04:33 AM,23.8
15374.0,2,2.5557,380.7,7/22/2024_12:04:35 AM,23.8
15376.0,2,2.5557,380.7,7/22/2024_12:04:37 AM,23.8
15378.0,2,2.5556,380.6,7/22/2024_12:04:39 AM,23.8
15380.0,2,2.5556,380.6,7/22/2024_12:04:41 AM,23.8
15382.0,2,2.5556,380.6,7/22/2024_12:04:43 AM,23.8
15384.0,2,2.5556,380.6,7/22/2024_12:04:45 AM,23.8
15386.0,2,2.5556,380.6,7/22/2024_12:04:47 AM,23.8
15388.0,2,2.5556,380.6,7/22/2024_12:04:49 AM,23.8
15390.0,2,2.5556,380.6,7/22/2024_12:04:51 AM,23.8
15392.0,2,2.5556,380.6,7/22/2024_12:04:53 AM,23.8
15394.0,2,2.5556,380.6,7/22/2024_12:04:55 AM,23.8
15396.0,2,2.5555,380.6,7/22/2024_12:04:57 AM,23.8
15398.0,2,2.5555,380.6,7/22/2024_12:04:59 AM,23.8
15400.0,2,2.5555,380.6,7/22/2024_12:05:01 AM,23.8
15402.0,2,2.5555,380.6,7/22/2024_12:05:03 AM,23.8
15404.0,2,2.5555,380.6,7/22/2024_12:05:05 AM,23.8
15406.0,2,2.5555,380.6,7/22/2024_12:05:07 AM,23.8
15408.0,2,2.5554,380.6,7/22/2024_12:05:09 AM,23.8
15410.0,2,2.5554,380.6,7/22/2024_12:05:11 AM,23.8
15412.0,2,2.5554,380.6,7/22/2024_12:05:13 AM,23.8
15414.0,2,2.5554,380.6,7/22/2024_12:05:15 AM,23.8
15416.0,2,2.5554,380.6,7/22/2024_12:05:17 AM,23.8
15418.0,2,2.5554,380.6,7/22/2024_12:05:19 AM,23.8
15420.0,2,2.5554,380.6,7/22/2024_12:05:21 AM,23.8
15422.0,2,2.5553,380.6,7/22/2024_12:05:23 AM,23.8
15424.0,2,2.5553,380.6,7/22/2024_12:05:25 AM,23.8
15426.0,2,2.5553,380.6,7/22/2024_12:05:27 AM,23.8
15428.0,2,2.5553,380.6,7/22/2024_12:05:29 AM,23.8
15430.0,2,2.5553,380.6,7/22/2024_12:05:31 AM,23.8
15432.0,2,2.5553,380.6,7/22/2024_12:05:33 AM,23.8
15434.0,2,2.5553,380.6,7/22/2024_12:05:35 AM,23.8
15436.0,2,2.5552,380.6,7/22/2024_12:05:37 AM,23.8
15438.0,2,2.5552,380.6,7/22/2024_12:05:39 AM,23.8
15440.0,2,2.5552,380.6,7/22/2024_12:05:41 AM,23.8
15442.0,2,2.5552,380.6,7/22/2024_12:05:43 AM,23.8
15444.0,2,2.5552,380.6,7/22/2024_12:05:45 AM,23.8
15446.0,2,2.5552,380.6,7/22/2024_12:05:47 AM,23.8
15448.0,2,2.5551,380.6,7/22/2024_12:05:49 AM,23.8
15450.0,2,2.5551,380.5,7/22/2024_12:05:51 AM,23.8
15452.0,2,2.5551,380.5,7/22/2024_12:05:53 AM,23.8
15454.0,2,2.5551,380.5,7/22/2024_12:05:55 AM,23.8
15456.0,2,2.5551,380.5,7/22/2024_12:05:57 AM,23.8
15458.0,2,2.5551,380.5,7/22/2024_12:05:59 AM,23.8
15460.0,2,2.5551,380.5,7/22/2024_12:06:01 AM,23.8
15462.0,2,2.555,380.5,7/22/2024_12:06:03 AM,23.8
15464.0,2,2.555,380.5,7/22/2024_12:06:05 AM,23.8
15466.0,2,2.555,380.5,7/22/2024_12:06:07 AM,23.8
15468.0,2,2.555,380.5,7/22/2024_12:06:09 AM,23.8
15470.0,2,2.555,380.5,7/22/2024_12:06:11 AM,23.8
15472.0,2,2.555,380.5,7/22/2024_12:06:13 AM,23.8
15474.0,2,2.555,380.5,7/22/2024_12:06:15 AM,23.8
15476.0,2,2.555,380.5,7/22/2024_12:06:17 AM,23.8
15478.0,2,2.5549,380.5,7/22/2024_12:06:19 AM,23.8
15480.0,2,2.5549,380.5,7/22/2024_12:06:21 AM,23.8
15482.0,2,2.5549,380.5,7/22/2024_12:06:23 AM,23.8
15484.0,2,2.5549,380.5,7/22/2024_12:06:25 AM,23.8
15486.0,2,2.5549,380.5,7/22/2024_12:06:27 AM,23.8
15488.0,2,2.5549,380.5,7/22/2024_12:06:29 AM,23.8
15490.0,2,2.5549,380.5,7/22/2024_12:06:31 AM,23.8
15492.0,2,2.5549,380.5,7/22/2024_12:06:33 AM,23.8
15494.0,2,2.5548,380.5,7/22/2024_12:06:35 AM,23.8
15496.0,2,2.5548,380.5,7/22/2024_12:06:37 AM,23.8
15498.0,2,2.5548,380.5,7/22/2024_12:06:39 AM,23.8
15500.0,2,2.5548,380.5,7/22/2024_12:06:41 AM,23.8
15502.0,2,2.5548,380.5,7/22/2024_12:06:43 AM,23.8
15504.0,2,2.5548,380.5,7/22/2024_12:06:45 AM,23.8
15506.0,2,2.5548,380.5,7/22/2024_12:06:47 AM,23.8
15508.0,2,2.5547,380.5,7/22/2024_12:06:49 AM,23.8
15510.0,2,2.5547,380.5,7/22/2024_12:06:51 AM,23.8
15512.0,2,2.5547,380.5,7/22/2024_12:06:53 AM,23.8
15514.0,2,2.5547,380.4,7/22/2024_12:06:55 AM,23.8
15516.0,2,2.5547,380.4,7/22/2024_12:06:57 AM,23.8
15518.0,2,2.5547,380.4,7/22/2024_12:06:59 AM,23.8
15520.0,2,2.5547,380.4,7/22/2024_12:07:01 AM,23.8
15522.0,2,2.5547,380.4,7/22/2024_12:07:03 AM,23.8
15524.0,2,2.5547,380.4,7/22/2024_12:07:05 AM,23.8
15526.0,2,2.5546,380.4,7/22/2024_12:07:07 AM,23.8
15528.0,2,2.5546,380.4,7/22/2024_12:07:09 AM,23.8
15530.0,2,2.5546,380.4,7/22/2024_12:07:11 AM,23.8
15532.0,2,2.5546,380.4,7/22/2024_12:07:13 AM,23.8
15534.0,2,2.5546,380.4,7/22/2024_12:07:15 AM,23.8
15536.0,2,2.5546,380.4,7/22/2024_12:07:17 AM,23.8
15538.0,2,2.5546,380.4,7/22/2024_12:07:19 AM,23.8
15540.0,2,2.5546,380.4,7/22/2024_12:07:21 AM,23.8
15542.0,2,2.5545,380.4,7/22/2024_12:07:23 AM,23.8
15544.0,2,2.5545,380.4,7/22/2024_12:07:25 AM,23.8
15546.0,2,2.5545,380.4,7/22/2024_12:07:27 AM,23.8
15548.0,2,2.5545,380.4,7/22/2024_12:07:29 AM,23.8
15550.0,2,2.5545,380.4,7/22/2024_12:07:31 AM,23.8
15552.0,2,2.5545,380.4,7/22/2024_12:07:33 AM,23.8
15554.0,2,2.5545,380.4,7/22/2024_12:07:35 AM,23.8
15556.0,2,2.5545,380.4,7/22/2024_12:07:37 AM,23.8
15558.0,2,2.5545,380.4,7/22/2024_12:07:39 AM,23.8
15560.0,2,2.5545,380.4,7/22/2024_12:07:41 AM,23.8
15562.0,2,2.5544,380.4,7/22/2024_12:07:43 AM,23.8
15564.0,2,2.5544,380.4,7/22/2024_12:07:45 AM,23.8
15566.0,2,2.5544,380.4,7/22/2024_12:07:47 AM,23.8
15568.0,2,2.5544,380.4,7/22/2024_12:07:49 AM,23.8
15570.0,2,2.5544,380.4,7/22/2024_12:07:51 AM,23.8
15572.0,2,2.5544,380.4,7/22/2024_12:07:53 AM,23.8
15574.0,2,2.5544,380.4,7/22/2024_12:07:55 AM,23.8
15576.0,2,2.5544,380.4,7/22/2024_12:07:57 AM,23.8
15578.0,2,2.5543,380.4,7/22/2024_12:07:59 AM,23.8
15580.0,2,2.5543,380.3,7/22/2024_12:08:01 AM,23.8
15582.0,2,2.5543,380.3,7/22/2024_12:08:03 AM,23.8
15584.0,2,2.5543,380.3,7/22/2024_12:08:05 AM,23.8
15586.0,2,2.5543,380.3,7/22/2024_12:08:07 AM,23.8
15588.0,2,2.5543,380.3,7/22/2024_12:08:09 AM,23.8
15590.0,2,2.5543,380.3,7/22/2024_12:08:11 AM,23.8
15592.0,2,2.5543,380.3,7/22/2024_12:08:13 AM,23.8
15594.0,2,2.5543,380.3,7/22/2024_12:08:15 AM,23.8
15596.0,2,2.5542,380.3,7/22/2024_12:08:17 AM,23.8
15598.0,2,2.5542,380.3,7/22/2024_12:08:19 AM,23.8
15600.0,2,2.5542,380.3,7/22/2024_12:08:21 AM,23.8
15602.0,2,2.5542,380.3,7/22/2024_12:08:23 AM,23.8
15604.0,2,2.5542,380.3,7/22/2024_12:08:25 AM,23.8
15606.0,2,2.5542,380.3,7/22/2024_12:08:27 AM,23.8
15608.0,2,2.5541,380.3,7/22/2024_12:08:29 AM,23.8
15610.0,2,2.5541,380.3,7/22/2024_12:08:31 AM,23.8
15612.0,2,2.5541,380.3,7/22/2024_12:08:33 AM,23.8
15614.0,2,2.5541,380.3,7/22/2024_12:08:35 AM,23.8
15616.0,2,2.5541,380.3,7/22/2024_12:08:37 AM,23.8
15618.0,2,2.5541,380.3,7/22/2024_12:08:39 AM,23.8
15620.0,2,2.5541,380.3,7/22/2024_12:08:41 AM,23.8
15622.0,2,2.5541,380.3,7/22/2024_12:08:43 AM,23.8
15624.0,2,2.5541,380.3,7/22/2024_12:08:45 AM,23.8
15626.0,2,2.5541,380.3,7/22/2024_12:08:47 AM,23.8
15628.0,2,2.5541,380.3,7/22/2024_12:08:49 AM,23.8
15630.0,2,2.5541,380.3,7/22/2024_12:08:51 AM,23.8
15632.0,2,2.5541,380.3,7/22/2024_12:08:53 AM,23.8
15634.0,2,2.5541,380.3,7/22/2024_12:08:55 AM,23.8
15636.0,2,2.5541,380.3,7/22/2024_12:08:57 AM,23.8
15638.0,2,2.554,380.3,7/22/2024_12:08:59 AM,23.8
15640.0,2,2.554,380.3,7/22/2024_12:09:01 AM,23.8
15642.0,2,2.554,380.3,7/22/2024_12:09:03 AM,23.8
15644.0,2,2.554,380.3,7/22/2024_12:09:05 AM,23.8
15646.0,2,2.554,380.3,7/22/2024_12:09:07 AM,23.8
15648.0,2,2.554,380.3,7/22/2024_12:09:09 AM,23.8
15650.0,2,2.554,380.3,7/22/2024_12:09:11 AM,23.8
15652.0,2,2.554,380.3,7/22/2024_12:09:13 AM,23.8
15654.0,2,2.5539,380.3,7/22/2024_12:09:15 AM,23.8
15656.0,2,2.5539,380.3,7/22/2024_12:09:17 AM,23.8
15658.0,2,2.5539,380.3,7/22/2024_12:09:19 AM,23.8
15660.0,2,2.5539,380.3,7/22/2024_12:09:21 AM,23.8
15662.0,2,2.5539,380.3,7/22/2024_12:09:23 AM,23.8
15664.0,2,2.5539,380.3,7/22/2024_12:09:25 AM,23.8
15666.0,2,2.5539,380.3,7/22/2024_12:09:27 AM,23.8
15668.0,2,2.5539,380.3,7/22/2024_12:09:29 AM,23.8
15670.0,2,2.5539,380.3,7/22/2024_12:09:31 AM,23.8
15672.0,2,2.5539,380.3,7/22/2024_12:09:33 AM,23.8
15674.0,2,2.5538,380.3,7/22/2024_12:09:35 AM,23.8
15676.0,2,2.5538,380.3,7/22/2024_12:09:37 AM,23.8
15678.0,2,2.5538,380.3,7/22/2024_12:09:39 AM,23.8
15680.0,2,2.5538,380.3,7/22/2024_12:09:41 AM,23.8
15682.0,2,2.5538,380.3,7/22/2024_12:09:43 AM,23.8
15684.0,2,2.5538,380.3,7/22/2024_12:09:45 AM,23.8
15686.0,2,2.5537,380.3,7/22/2024_12:09:47 AM,23.8
15688.0,2,2.5537,380.3,7/22/2024_12:09:49 AM,23.8
15690.0,2,2.5537,380.3,7/22/2024_12:09:51 AM,23.8
15692.0,2,2.5537,380.3,7/22/2024_12:09:53 AM,23.8
15694.0,2,2.5537,380.3,7/22/2024_12:09:55 AM,23.8
15696.0,2,2.5537,380.3,7/22/2024_12:09:57 AM,23.8
15698.0,2,2.5537,380.3,7/22/2024_12:09:59 AM,23.8
15700.0,2,2.5537,380.3,7/22/2024_12:10:01 AM,23.8
15702.0,2,2.5537,380.3,7/22/2024_12:10:03 AM,23.8
15704.0,2,2.5537,380.3,7/22/2024_12:10:05 AM,23.8
15706.0,2,2.5536,380.3,7/22/2024_12:10:07 AM,23.8
15708.0,2,2.5536,380.3,7/22/2024_12:10:09 AM,23.8
15710.0,2,2.5536,380.3,7/22/2024_12:10:11 AM,23.8
15712.0,2,2.5536,380.3,7/22/2024_12:10:13 AM,23.8
15714.0,2,2.5536,380.3,7/22/2024_12:10:15 AM,23.8
15716.0,2,2.5535,380.3,7/22/2024_12:10:17 AM,23.8
15718.0,2,2.5535,380.3,7/22/2024_12:10:19 AM,23.8
15720.0,2,2.5535,380.3,7/22/2024_12:10:21 AM,23.8
15722.0,2,2.5535,380.3,7/22/2024_12:10:23 AM,23.8
15724.0,2,2.5535,380.3,7/22/2024_12:10:25 AM,23.8
15726.0,2,2.5535,380.3,7/22/2024_12:10:27 AM,23.8
15728.0,2,2.5535,380.3,7/22/2024_12:10:29 AM,23.8
15730.0,2,2.5534,380.3,7/22/2024_12:10:31 AM,23.8
15732.0,2,2.5534,380.3,7/22/2024_12:10:33 AM,23.8
15734.0,2,2.5534,380.3,7/22/2024_12:10:35 AM,23.8
15736.0,2,2.5534,380.3,7/22/2024_12:10:37 AM,23.8
15738.0,2,2.5534,380.3,7/22/2024_12:10:39 AM,23.8
15740.0,2,2.5534,380.3,7/22/2024_12:10:41 AM,23.8
15742.0,2,2.5534,380.3,7/22/2024_12:10:43 AM,23.8
15744.0,2,2.5534,380.3,7/22/2024_12:10:45 AM,23.8
15746.0,2,2.5534,380.3,7/22/2024_12:10:47 AM,23.8
15748.0,2,2.5534,380.3,7/22/2024_12:10:49 AM,23.8
15750.0,2,2.5533,380.3,7/22/2024_12:10:51 AM,23.8
15752.0,2,2.5533,380.3,7/22/2024_12:10:53 AM,23.8
15754.0,2,2.5533,380.3,7/22/2024_12:10:55 AM,23.8
15756.0,2,2.5533,380.3,7/22/2024_12:10:57 AM,23.8
15758.0,2,2.5533,380.3,7/22/2024_12:10:59 AM,23.8
15760.0,2,2.5533,380.3,7/22/2024_12:11:01 AM,23.8
15762.0,2,2.5533,380.3,7/22/2024_12:11:03 AM,23.7
15764.0,2,2.5532,380.3,7/22/2024_12:11:05 AM,23.7
15766.0,2,2.5532,380.3,7/22/2024_12:11:07 AM,23.7
15768.0,2,2.5532,380.3,7/22/2024_12:11:09 AM,23.7
15770.0,2,2.5532,380.3,7/22/2024_12:11:11 AM,23.7
15772.0,2,2.5532,380.3,7/22/2024_12:11:13 AM,23.7
15774.0,2,2.5532,380.3,7/22/2024_12:11:15 AM,23.7
15776.0,2,2.5532,380.3,7/22/2024_12:11:17 AM,23.7
15778.0,2,2.5531,380.3,7/22/2024_12:11:19 AM,23.7
15780.0,2,2.5531,380.2,7/22/2024_12:11:21 AM,23.7
15782.0,2,2.5531,380.2,7/22/2024_12:11:23 AM,23.7
15784.0,2,2.5531,380.2,7/22/2024_12:11:25 AM,23.7
15786.0,2,2.5531,380.2,7/22/2024_12:11:27 AM,23.7
15788.0,2,2.5531,380.2,7/22/2024_12:11:29 AM,23.7
15790.0,2,2.5531,380.2,7/22/2024_12:11:31 AM,23.7
15792.0,2,2.5531,380.2,7/22/2024_12:11:33 AM,23.7
15794.0,2,2.5531,380.2,7/22/2024_12:11:35 AM,23.7
15796.0,2,2.553,380.2,7/22/2024_12:11:37 AM,23.7
15798.0,2,2.553,380.2,7/22/2024_12:11:39 AM,23.7
15800.0,2,2.553,380.2,7/22/2024_12:11:41 AM,23.7
15802.0,2,2.553,380.2,7/22/2024_12:11:43 AM,23.7
15804.0,2,2.553,380.2,7/22/2024_12:11:45 AM,23.7
15806.0,2,2.553,380.2,7/22/2024_12:11:47 AM,23.7
15808.0,2,2.553,380.2,7/22/2024_12:11:49 AM,23.7
15810.0,2,2.5529,380.2,7/22/2024_12:11:51 AM,23.7
15812.0,2,2.5529,380.2,7/22/2024_12:11:53 AM,23.7
15814.0,2,2.5529,380.2,7/22/2024_12:11:55 AM,23.7
15816.0,2,2.5529,380.2,7/22/2024_12:11:57 AM,23.7
15818.0,2,2.5529,380.2,7/22/2024_12:11:59 AM,23.7
15820.0,2,2.5529,380.2,7/22/2024_12:12:01 AM,23.7
15822.0,2,2.5528,380.2,7/22/2024_12:12:03 AM,23.7
15824.0,2,2.5529,380.2,7/22/2024_12:12:05 AM,23.7
15826.0,2,2.5528,380.2,7/22/2024_12:12:07 AM,23.7
15828.0,2,2.5528,380.2,7/22/2024_12:12:09 AM,23.7
15830.0,2,2.5528,380.2,7/22/2024_12:12:11 AM,23.7
15832.0,2,2.5528,380.2,7/22/2024_12:12:13 AM,23.7
15834.0,2,2.5528,380.2,7/22/2024_12:12:15 AM,23.7
15836.0,2,2.5528,380.2,7/22/2024_12:12:17 AM,23.7
15838.0,2,2.5528,380.2,7/22/2024_12:12:19 AM,23.7
15840.0,2,2.5527,380.2,7/22/2024_12:12:21 AM,23.7
15842.0,2,2.5527,380.2,7/22/2024_12:12:23 AM,23.7
15844.0,2,2.5527,380.2,7/22/2024_12:12:25 AM,23.7
15846.0,2,2.5527,380.2,7/22/2024_12:12:27 AM,23.7
15848.0,2,2.5527,380.2,7/22/2024_12:12:29 AM,23.7
15850.0,2,2.5527,380.2,7/22/2024_12:12:31 AM,23.7
15852.0,2,2.5527,380.2,7/22/2024_12:12:33 AM,23.7
15854.0,2,2.5527,380.2,7/22/2024_12:12:35 AM,23.7
15856.0,2,2.5526,380.2,7/22/2024_12:12:37 AM,23.7
15858.0,2,2.5526,380.2,7/22/2024_12:12:39 AM,23.7
15860.0,2,2.5526,380.2,7/22/2024_12:12:41 AM,23.7
15862.0,2,2.5526,380.2,7/22/2024_12:12:43 AM,23.7
15864.0,2,2.5526,380.2,7/22/2024_12:12:45 AM,23.7
15866.0,2,2.5526,380.2,7/22/2024_12:12:47 AM,23.7
15868.0,2,2.5526,380.2,7/22/2024_12:12:49 AM,23.7
15870.0,2,2.5526,380.2,7/22/2024_12:12:51 AM,23.7
15872.0,2,2.5525,380.2,7/22/2024_12:12:53 AM,23.7
15874.0,2,2.5525,380.2,7/22/2024_12:12:55 AM,23.7
15876.0,2,2.5525,380.2,7/22/2024_12:12:57 AM,23.7
15878.0,2,2.5525,380.2,7/22/2024_12:12:59 AM,23.7
15880.0,2,2.5525,380.2,7/22/2024_12:13:01 AM,23.7
15882.0,2,2.5525,380.2,7/22/2024_12:13:03 AM,23.7
15884.0,2,2.5524,380.2,7/22/2024_12:13:05 AM,23.7
15886.0,2,2.5524,380.2,7/22/2024_12:13:07 AM,23.7
15888.0,2,2.5524,380.2,7/22/2024_12:13:09 AM,23.7
15890.0,2,2.5524,380.2,7/22/2024_12:13:11 AM,23.7
15892.0,2,2.5524,380.2,7/22/2024_12:13:13 AM,23.7
15894.0,2,2.5524,380.2,7/22/2024_12:13:15 AM,23.7
15896.0,2,2.5524,380.2,7/22/2024_12:13:17 AM,23.7
15898.0,2,2.5524,380.2,7/22/2024_12:13:19 AM,23.7
15900.0,2,2.5524,380.2,7/22/2024_12:13:21 AM,23.7
15902.0,2,2.5523,380.2,7/22/2024_12:13:23 AM,23.7
15904.0,2,2.5523,380.2,7/22/2024_12:13:25 AM,23.7
15906.0,2,2.5523,380.2,7/22/2024_12:13:27 AM,23.7
15908.0,2,2.5523,380.2,7/22/2024_12:13:29 AM,23.7
15910.0,2,2.5523,380.2,7/22/2024_12:13:31 AM,23.7
15912.0,2,2.5523,380.2,7/22/2024_12:13:33 AM,23.7
15914.0,2,2.5523,380.2,7/22/2024_12:13:35 AM,23.7
15916.0,2,2.5523,380.2,7/22/2024_12:13:37 AM,23.7
15918.0,2,2.5523,380.2,7/22/2024_12:13:39 AM,23.7
15920.0,2,2.5522,380.2,7/22/2024_12:13:41 AM,23.7
15922.0,2,2.5522,380.2,7/22/2024_12:13:43 AM,23.7
15924.0,2,2.5522,380.2,7/22/2024_12:13:45 AM,23.7
15926.0,2,2.5522,380.2,7/22/2024_12:13:47 AM,23.7
15928.0,2,2.5522,380.2,7/22/2024_12:13:49 AM,23.7
15930.0,2,2.5522,380.2,7/22/2024_12:13:51 AM,23.7
15932.0,2,2.5522,380.2,7/22/2024_12:13:53 AM,23.7
15934.0,2,2.5522,380.2,7/22/2024_12:13:55 AM,23.7
15936.0,2,2.5522,380.2,7/22/2024_12:13:57 AM,23.7
15938.0,2,2.5522,380.2,7/22/2024_12:13:59 AM,23.7
15940.0,2,2.5521,380.2,7/22/2024_12:14:01 AM,23.7
15942.0,2,2.5521,380.2,7/22/2024_12:14:03 AM,23.7
15944.0,2,2.5521,380.2,7/22/2024_12:14:05 AM,23.7
15946.0,2,2.5521,380.2,7/22/2024_12:14:07 AM,23.7
15948.0,2,2.5521,380.2,7/22/2024_12:14:09 AM,23.7
15950.0,2,2.5521,380.2,7/22/2024_12:14:11 AM,23.7
15952.0,2,2.5521,380.2,7/22/2024_12:14:13 AM,23.7
15954.0,2,2.5521,380.2,7/22/2024_12:14:15 AM,23.7
15956.0,2,2.5521,380.2,7/22/2024_12:14:17 AM,23.7
15958.0,2,2.552,380.2,7/22/2024_12:14:19 AM,23.7
15960.0,2,2.552,380.2,7/22/2024_12:14:21 AM,23.7
15962.0,2,2.552,380.2,7/22/2024_12:14:23 AM,23.7
15964.0,2,2.552,380.2,7/22/2024_12:14:25 AM,23.7
15966.0,2,2.552,380.2,7/22/2024_12:14:27 AM,23.7
15968.0,2,2.552,380.2,7/22/2024_12:14:29 AM,23.7
15970.0,2,2.552,380.2,7/22/2024_12:14:31 AM,23.7
15972.0,2,2.552,380.2,7/22/2024_12:14:33 AM,23.7
15974.0,2,2.552,380.2,7/22/2024_12:14:35 AM,23.7
15976.0,2,2.552,380.2,7/22/2024_12:14:37 AM,23.7
15978.0,2,2.552,380.2,7/22/2024_12:14:39 AM,23.7
15980.0,2,2.552,380.2,7/22/2024_12:14:41 AM,23.7
15982.0,2,2.552,380.2,7/22/2024_12:14:43 AM,23.7
15984.0,2,2.552,380.2,7/22/2024_12:14:45 AM,23.7
15986.0,2,2.5519,380.2,7/22/2024_12:14:47 AM,23.7
15988.0,2,2.552,380.2,7/22/2024_12:14:49 AM,23.7
15990.0,2,2.5519,380.2,7/22/2024_12:14:51 AM,23.7
15992.0,2,2.5519,380.2,7/22/2024_12:14:53 AM,23.7
15994.0,2,2.5519,380.2,7/22/2024_12:14:55 AM,23.7
15996.0,2,2.5519,380.1,7/22/2024_12:14:57 AM,23.7
15998.0,2,2.5519,380.1,7/22/2024_12:14:59 AM,23.7
16000.0,2,2.5519,380.1,7/22/2024_12:15:01 AM,23.7
16002.0,2,2.5519,380.1,7/22/2024_12:15:03 AM,23.7
16004.0,2,2.5519,380.1,7/22/2024_12:15:05 AM,23.7
16006.0,2,2.5518,380.1,7/22/2024_12:15:07 AM,23.7
16008.0,2,2.5518,380.1,7/22/2024_12:15:09 AM,23.7
16010.0,2,2.5518,380.1,7/22/2024_12:15:11 AM,23.7
16012.0,2,2.5518,380.1,7/22/2024_12:15:13 AM,23.7
16014.0,2,2.5518,380.1,7/22/2024_12:15:15 AM,23.7
16016.0,2,2.5518,380.1,7/22/2024_12:15:17 AM,23.7
16018.0,2,2.5518,380.1,7/22/2024_12:15:19 AM,23.7
16020.0,2,2.5518,380.1,7/22/2024_12:15:21 AM,23.7
16022.0,2,2.5518,380.1,7/22/2024_12:15:23 AM,23.7
16024.0,2,2.5517,380.1,7/22/2024_12:15:25 AM,23.7
16026.0,2,2.5517,380.1,7/22/2024_12:15:27 AM,23.7
16028.0,2,2.5517,380.1,7/22/2024_12:15:29 AM,23.7
16030.0,2,2.5517,380.1,7/22/2024_12:15:31 AM,23.7
16032.0,2,2.5517,380.1,7/22/2024_12:15:33 AM,23.7
16034.0,2,2.5517,380.1,7/22/2024_12:15:35 AM,23.7
16036.0,2,2.5517,380.1,7/22/2024_12:15:37 AM,23.7
16038.0,2,2.5517,380.1,7/22/2024_12:15:39 AM,23.7
16040.0,2,2.5517,380.1,7/22/2024_12:15:41 AM,23.7
16042.0,2,2.5516,380.1,7/22/2024_12:15:43 AM,23.7
16044.0,2,2.5516,380.1,7/22/2024_12:15:45 AM,23.7
16046.0,2,2.5516,380.1,7/22/2024_12:15:47 AM,23.7
16048.0,2,2.5516,380.1,7/22/2024_12:15:49 AM,23.7
16050.0,2,2.5516,380.1,7/22/2024_12:15:51 AM,23.7
16052.0,2,2.5516,380.1,7/22/2024_12:15:53 AM,23.7
16054.0,2,2.5516,380.1,7/22/2024_12:15:55 AM,23.7
16056.0,2,2.5516,380.1,7/22/2024_12:15:57 AM,23.7
16058.0,2,2.5516,380.1,7/22/2024_12:15:59 AM,23.7
16060.0,2,2.5516,380.1,7/22/2024_12:16:01 AM,23.7
16062.0,2,2.5516,380.1,7/22/2024_12:16:03 AM,23.7
16064.0,2,2.5515,380.1,7/22/2024_12:16:05 AM,23.7
16066.0,2,2.5515,380.1,7/22/2024_12:16:07 AM,23.7
16068.0,2,2.5515,380.1,7/22/2024_12:16:09 AM,23.7
16070.0,2,2.5515,380.1,7/22/2024_12:16:11 AM,23.7
16072.0,2,2.5515,380.1,7/22/2024_12:16:13 AM,23.7
16074.0,2,2.5515,380.1,7/22/2024_12:16:15 AM,23.7
16076.0,2,2.5515,380.1,7/22/2024_12:16:17 AM,23.7
16078.0,2,2.5514,380.1,7/22/2024_12:16:19 AM,23.7
16080.0,2,2.5514,380.1,7/22/2024_12:16:21 AM,23.7
16082.0,2,2.5514,380.1,7/22/2024_12:16:23 AM,23.7
16084.0,2,2.5514,380.1,7/22/2024_12:16:25 AM,23.7
16086.0,2,2.5514,380.1,7/22/2024_12:16:27 AM,23.7
16088.0,2,2.5514,380.1,7/22/2024_12:16:29 AM,23.7
16090.0,2,2.5514,380.0,7/22/2024_12:16:31 AM,23.7
16092.0,2,2.5514,380.0,7/22/2024_12:16:33 AM,23.7
16094.0,2,2.5514,380.0,7/22/2024_12:16:35 AM,23.7
16096.0,2,2.5513,380.0,7/22/2024_12:16:37 AM,23.7
16098.0,2,2.5513,380.0,7/22/2024_12:16:39 AM,23.7
16100.0,2,2.5513,380.0,7/22/2024_12:16:41 AM,23.7
16102.0,2,2.5513,380.0,7/22/2024_12:16:43 AM,23.7
16104.0,2,2.5513,380.0,7/22/2024_12:16:45 AM,23.7
16106.0,2,2.5513,380.0,7/22/2024_12:16:47 AM,23.7
16108.0,2,2.5513,380.0,7/22/2024_12:16:49 AM,23.7
16110.0,2,2.5513,380.0,7/22/2024_12:16:51 AM,23.7
16112.0,2,2.5513,380.0,7/22/2024_12:16:53 AM,23.7
16114.0,2,2.5512,380.0,7/22/2024_12:16:55 AM,23.7
16116.0,2,2.5512,380.0,7/22/2024_12:16:57 AM,23.7
16118.0,2,2.5512,380.0,7/22/2024_12:16:59 AM,23.7
16120.0,2,2.5512,380.0,7/22/2024_12:17:01 AM,23.7
16122.0,2,2.5512,380.0,7/22/2024_12:17:03 AM,23.7
16124.0,2,2.5512,380.0,7/22/2024_12:17:05 AM,23.7
16126.0,2,2.5512,380.0,7/22/2024_12:17:07 AM,23.7
16128.0,2,2.5512,380.0,7/22/2024_12:17:09 AM,23.7
16130.0,2,2.5511,380.0,7/22/2024_12:17:11 AM,23.7
16132.0,2,2.5511,380.0,7/22/2024_12:17:13 AM,23.7
16134.0,2,2.5511,380.0,7/22/2024_12:17:15 AM,23.7
16136.0,2,2.5511,380.0,7/22/2024_12:17:17 AM,23.7
16138.0,2,2.5511,380.0,7/22/2024_12:17:19 AM,23.7
16140.0,2,2.5511,380.0,7/22/2024_12:17:21 AM,23.7
16142.0,2,2.5511,380.0,7/22/2024_12:17:23 AM,23.7
16144.0,2,2.5511,380.0,7/22/2024_12:17:25 AM,23.7
16146.0,2,2.5511,380.0,7/22/2024_12:17:27 AM,23.7
16148.0,2,2.5511,380.0,7/22/2024_12:17:29 AM,23.7
16150.0,2,2.551,380.0,7/22/2024_12:17:31 AM,23.7
16152.0,2,2.551,380.0,7/22/2024_12:17:33 AM,23.7
16154.0,2,2.551,380.0,7/22/2024_12:17:35 AM,23.7
16156.0,2,2.551,380.0,7/22/2024_12:17:37 AM,23.7
16158.0,2,2.551,380.0,7/22/2024_12:17:39 AM,23.7
16160.0,2,2.551,380.0,7/22/2024_12:17:41 AM,23.7
16162.0,2,2.551,380.0,7/22/2024_12:17:43 AM,23.7
16164.0,2,2.5509,380.0,7/22/2024_12:17:45 AM,23.7
16166.0,2,2.5509,380.0,7/22/2024_12:17:47 AM,23.7
16168.0,2,2.5509,380.0,7/22/2024_12:17:49 AM,23.7
16170.0,2,2.5509,380.0,7/22/2024_12:17:51 AM,23.7
16172.0,2,2.5509,380.0,7/22/2024_12:17:53 AM,23.7
16174.0,2,2.5509,380.0,7/22/2024_12:17:55 AM,23.7
16176.0,2,2.5509,380.0,7/22/2024_12:17:57 AM,23.7
16178.0,2,2.5509,380.0,7/22/2024_12:17:59 AM,23.7
16180.0,2,2.5509,380.0,7/22/2024_12:18:01 AM,23.7
16182.0,2,2.5509,380.0,7/22/2024_12:18:03 AM,23.7
16184.0,2,2.5508,380.0,7/22/2024_12:18:05 AM,23.7
16186.0,2,2.5508,380.0,7/22/2024_12:18:07 AM,23.7
16188.0,2,2.5508,380.0,7/22/2024_12:18:09 AM,23.7
16190.0,2,2.5508,380.0,7/22/2024_12:18:11 AM,23.7
16192.0,2,2.5508,380.0,7/22/2024_12:18:13 AM,23.7
16194.0,2,2.5508,380.0,7/22/2024_12:18:15 AM,23.7
16196.0,2,2.5508,380.0,7/22/2024_12:18:17 AM,23.7
16198.0,2,2.5508,380.0,7/22/2024_12:18:19 AM,23.7
16200.0,2,2.5507,380.0,7/22/2024_12:18:21 AM,23.7
16202.0,2,2.5507,380.0,7/22/2024_12:18:23 AM,23.7
16204.0,2,2.5507,380.0,7/22/2024_12:18:25 AM,23.7
16206.0,2,2.5507,380.0,7/22/2024_12:18:27 AM,23.7
16208.0,2,2.5507,380.0,7/22/2024_12:18:29 AM,23.7
16210.0,2,2.5507,380.0,7/22/2024_12:18:31 AM,23.7
16212.0,2,2.5507,380.0,7/22/2024_12:18:33 AM,23.7
16214.0,2,2.5507,380.0,7/22/2024_12:18:35 AM,23.7
16216.0,2,2.5507,380.0,7/22/2024_12:18:37 AM,23.7
16218.0,2,2.5506,380.0,7/22/2024_12:18:39 AM,23.7
16220.0,2,2.5506,380.0,7/22/2024_12:18:41 AM,23.7
16222.0,2,2.5506,380.0,7/22/2024_12:18:43 AM,23.7
16224.0,2,2.5506,380.0,7/22/2024_12:18:45 AM,23.7
16226.0,2,2.5506,380.0,7/22/2024_12:18:47 AM,23.7
16228.0,2,2.5506,380.0,7/22/2024_12:18:49 AM,23.7
16230.0,2,2.5506,380.0,7/22/2024_12:18:51 AM,23.7
16232.0,2,2.5506,380.0,7/22/2024_12:18:53 AM,23.7
16234.0,2,2.5506,380.0,7/22/2024_12:18:55 AM,23.7
16236.0,2,2.5506,380.0,7/22/2024_12:18:57 AM,23.7
16238.0,2,2.5505,380.0,7/22/2024_12:18:59 AM,23.7
16240.0,2,2.5505,380.0,7/22/2024_12:19:01 AM,23.7
16242.0,2,2.5505,380.0,7/22/2024_12:19:03 AM,23.7
16244.0,2,2.5505,380.0,7/22/2024_12:19:05 AM,23.7
16246.0,2,2.5505,380.0,7/22/2024_12:19:07 AM,23.7
16248.0,2,2.5505,380.0,7/22/2024_12:19:09 AM,23.7
16250.0,2,2.5505,380.0,7/22/2024_12:19:11 AM,23.7
16252.0,2,2.5505,380.0,7/22/2024_12:19:13 AM,23.7
16254.0,2,2.5505,380.0,7/22/2024_12:19:15 AM,23.7
16256.0,2,2.5505,380.0,7/22/2024_12:19:17 AM,23.7
16258.0,2,2.5505,380.0,7/22/2024_12:19:19 AM,23.7
16260.0,2,2.5505,380.0,7/22/2024_12:19:21 AM,23.7
16262.0,2,2.5504,380.0,7/22/2024_12:19:23 AM,23.7
16264.0,2,2.5504,380.0,7/22/2024_12:19:25 AM,23.7
16266.0,2,2.5504,380.0,7/22/2024_12:19:27 AM,23.7
16268.0,2,2.5504,380.0,7/22/2024_12:19:29 AM,23.7
16270.0,2,2.5504,380.0,7/22/2024_12:19:31 AM,23.7
16272.0,2,2.5504,380.0,7/22/2024_12:19:33 AM,23.7
16274.0,2,2.5504,380.0,7/22/2024_12:19:35 AM,23.7
16276.0,2,2.5504,380.0,7/22/2024_12:19:37 AM,23.7
16278.0,2,2.5504,380.0,7/22/2024_12:19:39 AM,23.7
16280.0,2,2.5503,380.0,7/22/2024_12:19:41 AM,23.7
16282.0,2,2.5503,380.0,7/22/2024_12:19:43 AM,23.7
16284.0,2,2.5503,380.0,7/22/2024_12:19:45 AM,23.7
16286.0,2,2.5503,380.0,7/22/2024_12:19:47 AM,23.7
16288.0,2,2.5503,380.0,7/22/2024_12:19:49 AM,23.7
16290.0,2,2.5503,380.0,7/22/2024_12:19:51 AM,23.7
16292.0,2,2.5503,380.0,7/22/2024_12:19:53 AM,23.7
16294.0,2,2.5503,380.0,7/22/2024_12:19:55 AM,23.7
16296.0,2,2.5503,380.0,7/22/2024_12:19:57 AM,23.7
16298.0,2,2.5503,380.0,7/22/2024_12:19:59 AM,23.7
16300.0,2,2.5503,380.0,7/22/2024_12:20:01 AM,23.7
16302.0,2,2.5502,380.0,7/22/2024_12:20:03 AM,23.7
16304.0,2,2.5503,380.0,7/22/2024_12:20:05 AM,23.7
16306.0,2,2.5502,380.0,7/22/2024_12:20:07 AM,23.7
16308.0,2,2.5502,380.0,7/22/2024_12:20:09 AM,23.7
16310.0,2,2.5502,380.0,7/22/2024_12:20:11 AM,23.7
16312.0,2,2.5502,380.0,7/22/2024_12:20:13 AM,23.7
16314.0,2,2.5502,380.0,7/22/2024_12:20:15 AM,23.7
16316.0,2,2.5502,380.0,7/22/2024_12:20:17 AM,23.7
16318.0,2,2.5502,380.0,7/22/2024_12:20:19 AM,23.7
16320.0,2,2.5502,380.0,7/22/2024_12:20:21 AM,23.7
16322.0,2,2.5501,380.0,7/22/2024_12:20:23 AM,23.7
16324.0,2,2.5501,380.0,7/22/2024_12:20:25 AM,23.7
16326.0,2,2.5501,380.0,7/22/2024_12:20:27 AM,23.7
16328.0,2,2.5501,380.0,7/22/2024_12:20:29 AM,23.7
16330.0,2,2.5501,380.0,7/22/2024_12:20:31 AM,23.7
16332.0,2,2.5501,380.0,7/22/2024_12:20:33 AM,23.7
16334.0,2,2.5501,380.0,7/22/2024_12:20:35 AM,23.7
